Item Number,UPC Code,List Price Per 100,Net Price Per 100,Carton Qty,Carton Wt,Description,,,,,,,
1096-N,10085339244148,101.63,48.96,100,34.00,SINGLE GANG 18CU,,,,,,,
1098-N,10085339250019,102.80,57.47,100,34.00,SINGLE GANG 20.5CU,,1.08,88.42,86.20,82.24,78.88,92.52c
1098-Z2,10085339250309,262.57,168.86,50,27.50,SINGLE GANG 20.5CU,,,,,,,
1098-Z4,10085339250408,262.57,168.86,50,27.50,SINGLE GANG 20.5CU,,2.96,,,,,
1099-N,10085339260001,123.22,63.63,100,39.00,SINGLE GANG 22.5CU.,,1.28,,,,,
1099-NR,10085339260094,164.41,105.73,50,19.00,SINGLE GANG 22.5CU,,,,,,,
1099-NV,10085339260070,509.95,327.95,48,20.64,SINGLE GANG 22.5CU VAPOR SEAL,,,,,,,
1099-NV2,10085339260155,586.44,377.14,48,20.16,SINGLE GANG 22.5 CU VAPOR SEAL DBL DRYWALL,,,,,,,
1099-SS,10085339260018,188.06,120.94,100,38.00,SINGLE GANG 22.5CU,,,,,,,
1099-Z4,10085339260032,265.85,170.97,50,29.00,SINGLE GANG 22.5CU,,,,,,,
1K-100,10085339880117,10.74,8.05,100,1.00,ACCESSORY KLAMP,,,,,,,
1TP,10085339880155,"3,956.35","2,967.26",1,1.00,ACCESSORY TEMPLATE DWG 80049,,,,,,,
1TP MOD,10085339880179,"3,127.55","2,345.66",1,1.00,ACCESSORY 1 TP TEMPLATE MODIFIED,,,,,,,
2300-NK,10085339121272,354.48,212.79,48,27.84,TWO GANG 32.5CU.,,3.96,3.72,319.18,326.48,,4.24
2300-Z2K,10085339124013,555.77,357.42,48,36.96,TWO GANG 32.5CU,,,,,,,
2300-Z4K,10085339127014,555.77,357.42,48,36.48,TWO GANG 32.5CU.,,,,,,,
2302-HNKV2,10085339927119,"1,031.17",663.15,6,4.80,TWO GANG 37.0CU 2302 VAPORSEAL W/ HANGER,,,,,,,
2302-NK,10085339130755,382.98,246.29,48,30.24,TWO GANG 37.0CU.,,4.36,4.14,369.44,,,
2302-NKRED,10085339965012,473.90,304.77,12,7.68,TWO GANG 37.0CU. RED,,,,,,,
2302-NKV,10085339130779,800.07,514.53,48,32.64,TWO GANG 37CU NAIL KLAMP VAPOR SEAL,,,,,,,
2302-SSK,10085339130816,485.93,312.50,48,29.76,TWO GANG 37CU STEEL STUD KLAMP,,,,,,,
2302-Z4K,10085339130830,594.63,382.41,48,38.88,TWO GANG 37.0CU.,,,,,,,
2TP,10085339880162,"3,956.35","2,544.33",1,1.00,ACCESSORY TEMPLATE,,,,,,,
2TP MOD,10085339880186,"3,127.55","2,011.33",1,1.00,ACCESSORY 2TP TEMPLATE MODIFIED,,,,,,,
3300-2Z2,10085339147005,551.95,354.96,25,25.50,THREE GANG 46.0CU.,,,,,,,
3300-NBK,10085339142123,717.68,461.54,20,21.40,THREE GANG 46.0CU.,,,,,,,
3300-NK,10085339141775,501.49,308.54,20,15.20,THREE GANG 46.0CU,,5.84,5.48,476.42,,,6.16
3300-Z2BK,10085339145971,901.39,579.68,20,24.80,THREE GANG 46.0CU.,,,,,,,
3300-Z2K,10085339145629,740.04,475.92,25,23.25,THREE GANG 46.0CU.,,,,,,,
3300-Z4K,10085339150173,740.04,475.92,24,21.60,THREE GANG Z4 HANGER K KLAMPS,,,,,,,
3303-2Z4K,10085339152238,871.87,560.70,25,26.00,THREE GANG 56.5CU BRACKET KLAMP,,,,,,,
3303-NBK,10085339152085,766.67,493.05,20,22.80,THREE GANG 56.5CU.,,,,,,,
3303-NK,10085339152016,535.80,344.57,20,17.80,THREE GANG 56.5CU NAIL KLAMP,,6.42,5.96,5.64,516.86,,
3303-NKV,10085339152092,"1,064.74",684.74,18,16.92,THREE GANG 56.5CU NAIL KLAMP VAPOR SEAL,,,,,,,
3303-Z4K,10085339152061,790.47,508.35,20,21.80,THREE GANG 56.5CU,,,,,,,
33213SSP,40762148091736,927.90,695.93,6,2.04,CFL LIGHT BULB 33213SSP,,,,,,,
4300-2Z2K,10085339169076,"1,104.33",710.19,12,14.28,FOUR GANG 60CU BRACKET KLAMP,,,,,,,
4300-NBK,10085339162718,973.17,625.85,18,21.42,FOUR GANG 60.0CU.,,,,,,,
4300-NK,10085339162268,715.55,460.17,18,16.20,FOUR GANG 60CU NAIL KLAMP,,7.94,7.48,,,,
4304-NBK,10085339175534,"1,047.10",673.39,18,24.12,FOUR GANG 75.0 CU.,,,,,,,
4304-NK,10085339175510,771.66,496.26,18,19.44,FOUR GANG 75.0 CU.,,8.64,8.24,7.94,,,
4304-NKV,10085339175589,"1,267.28",814.99,18,21.06,FOUR GANG 75CU NAIL KLAMP VAPOR SEAL,,,,,,,
4304-Z4BK,10085339175558,"1,285.92",826.97,6,9.18,FOUR GANG 75CU Z HANGER BAR KLAMP,,,,,,,
50PANST,10085339175466,11.46,8.60,50,1.00,ACCESSORY PANEL STOP,,,,,,,
5305-NBK,10085339180026,"2,562.13","1,647.71",6,10.02,FIVE GANG NAILS BAR HNGR K KLAMPS,,,,,,,
5305-NBKV,10085339180125,"4,057.37","2,609.30",6,10.98,FIVE GANG 94CU NAILS BAR KLAMPS VAPORSEAL,,,,,,,
5305-NK,10085339180019,"1,899.82","1,221.77",6,7.98,FIVE GANG 94.0 CU IN NAILS K KLAMPS,,,,,,,
5305-NKV,10085339180118,"3,119.97","2,006.46",6,7.98,FIVE GANG 94CU NAIL KLAMP VAPOR SEAL,,,,,,,
5305-Z4BK,10085339180033,"2,989.15","1,922.32",6,12.00,FIVE GANG 94CU Z HANGER BAR K KLAMP,,,,,,,
9301-E,10085339100109,195.10,125.47,100,21.00,SINGLE GANG 9.0CU.,,,,,,,
9301-EC2,10085339100116,235.24,151.28,100,24.00,SINGLE GANG 9CU,,,,,,,
9304,10085339100253,185.70,119.42,100,12.00,CEILING BOX 3.5CU,,,,,,,
9304-G,10085339100260,278.95,179.39,100,14.00,CEILING BOX 3.5CU.,,,,,,,
9305-GK,10085339100369,243.47,156.57,50,16.50,CEILING BOX 14.0CU.,,,,,,,
9305-K,10085339100345,156.38,100.57,50,15.50,CEILING BOX 14.0CU.,,,,,,,
9305-SGK,10085339273711,380.32,244.58,50,21.00,CEILING BOX 14CU,,,,,,,
9305-SK,10085339273513,303.92,195.45,50,21.00,CEILING BOX 14.0CU.,,,,,,,
9305-SKLS,10085339273520,315.13,202.66,50,21.00,CEILING BOX 14.0CU.,,,,,,,
9312-EK,10085339291128,435.44,280.03,50,24.00,TWO GANG 28CU KLAMP,,,,,,,
9312-EWK,10085339291111,520.46,334.71,50,25.00,TWO GANG 28.0CU.,,6.45,,,,,
9313-EWK,10085339100949,717.01,461.11,25,13.50,THREE GANG 42.5CU,,8.72,,,,,
9314-EWK,10085339318009,"1,317.97",847.58,6,7.98,FOUR GANG OLD WORK EAR WING KLAMP,,,,,,,
9315,10085339101304,171.92,110.56,100,16.00,COVER ROUND 4.5,,,,,,,
9315-WH,10085339101328,189.19,121.67,100,16.00,COVER ROUND 4.5CU,,,,,,,
9318,10085339101403,223.94,144.02,100,27.00,SINGLE GANG 12.5CU,,,,,,,
9319=,10085339101502,196.79,126.55,100,10.00,COVER SWITCH,,,,,,,
9320=,10085339101519,166.42,107.02,100,7.00,COVER OUTLET,,,,,,,
9322=,10085339101526,166.99,107.39,100,7.00,COVER BLANK,,,,,,,
9327-N,10085339101953,228.03,146.65,50,20.50,SINGLE GANG 20.5CU.,,,,,,,
9329-EWK,10085339108020,591.76,380.56,50,25.00,TWO GANG 32.5CU.,,,,,,,
9331-EK,10085339102394,229.01,147.27,100,28.00,SINGLE GANG 14.0CU.,,,,,,,
9331-EWK,10085339385117,308.00,198.07,100,30.00,SINGLE GANG 14.0CU.,,,,,,,
9335-16K,10085339412813,664.92,427.61,24,20.40,CEILING 20.5 CU 16 BAR HNGR K KLMP,,,,,,,
9335-BHGK,10085339881039,805.38,517.94,24,31.68,CEILING BOX BR HNGR GRND K KLAMP,,,,,,,
9335-BHK,10085339881015,741.05,476.57,24,31.20,CEILING BOX 20.5 CU BAR HNGR K KLMP,,,,,,,
9335-BHKV2,10085339881251,"1,676.68","1,078.27",18,25.02,CEIL BOX BHK VAPOR SEAL DBL DRYWALL,,,,,,,
9335-HNGK,10085339418235,579.47,372.66,50,27.50,CEILING BOX 20.5CU.,,,,,,,
9335-HNK,10085339418242,493.26,317.21,50,27.50,CEILING BOX 20.5CU.,,,,,,,
9335-HNKV2,10085339881268,"1,049.02",674.62,50,30.00,CEIL BOX HNK VAPOR SEAL DBL DRYWALL,,,,,,,
9335-NGK,10085339411823,353.28,227.19,50,24.00,CEILING BOX 20.5CU.,,,,,,,
9335-NK,10085339411625,252.84,162.60,50,23.50,CEILING BOX 20.5CU.,,,,,,,
9335-NKFR,10085339412028,721.35,463.90,50,25.00,FAN BOX 20.5CU.,,,,,,,
9335-NKRED,10085339965036,328.85,211.48,12,5.76,CEILING BOX 20.5 RED NAIL KLAMP,,,,,,,
9336-16GK,10085339102868,688.12,442.53,24,19.20,CEILING 16 CU 16 BAR HNGR GRND KKLM,,,,,,,
9336-16K,10085339102844,607.78,390.86,24,19.68,CEILING 16 CU IN 16 IN BAR K KLMP,,,,,,,
9336-BHGK,10085339881077,764.27,491.50,24,30.48,CEILING BOX BR HNGR GROUND K KLAMP,,,,,,,
9336-BHK,10085339881053,683.93,439.84,24,29.28,CEILING BOX BR HNGR K KLAMP,,,,,,,
9336-HNGK,10085339103414,552.75,355.47,50,25.00,CEILING BOX 16.0CU.,,,,,,,
9336-HNK,10085339103070,466.73,300.15,50,25.00,CEILING BOX 16.0CU.,,,,,,,
9336-NGK,10085339102813,312.13,200.73,50,21.50,CEILING BOX 16CU NAIL GROUND KLAMP,,,,,,,
9336-NK,10085339102714,217.71,140.01,50,21.00,CEILING BOX 16.0CU.,,,,,,,
9338-EK,10085339460012,250.39,161.03,50,14.00,CEILING BOX 14CU EAR KLAMP,,,,,,,
9338-EKT,10085339460388,293.09,188.49,50,14.00,CEILING BOX 14.0CU.,,,,,,,
9338-ESGK,10085339460210,509.81,327.86,50,21.00,CEILING BOX 14 CU,,,,,,,
9338-ESGKT,10085339460432,558.64,359.26,50,20.50,CEILING BOX 14.0CU.,,,,,,,
9338-ESK,10085339460067,401.52,258.22,50,20.00,SNAP BMC CEILING BOX 14CU,,5.19,,,,,
9338-ESKT,10085339460401,447.66,287.89,50,20.00,CEILING BOX 14.0CU.,,,,,,,
9339-Z+1,10085339103148,436.10,280.46,50,21.00,JUNCTION BOX 16CU Z HANGER,,,,,,,
9339-Z+1C2,10085339103186,522.93,336.30,50,22.00,JUNCTION BOX 16CU Z HANGER CLAMP,,,,,,,
9342-C2,10085339103469,398.45,256.25,50,25.00,JUNCTION BOX 27.3CU CLAMP,,,,,,,
9343-NK,10085339103742,452.80,291.19,50,26.00,JUNCTION BOX 32.3CU,,,,,,,
9343-SSK,10085339103766,490.56,315.48,50,27.00,JUNCTION BOX 32.3CU STEEL STUD KLAMP,,,,,,,
9344,10085339103681,209.94,135.01,100,8.00,COVER SQUARE,,,,,,,
9345,10085339103612,216.78,139.41,100,7.00,FLEXBOX SG PLSTR RNG .5 OFST BEIGE,,,,,,,
9345-58,10085339103728,238.43,153.33,50,4.00,FLEXBOX SG PLSTR RNG 5/8 OFST BEIGE,,,,,,,
9346,10085339103629,244.05,156.95,50,3.00,FLEXBOX 2G PLSTR RNG .5 OFST BEIGE,,,,,,,
9346-58,10085339103902,268.28,172.53,50,4.00,FLEXBOX 2G PLSTR RNG 5/8 OFST BEIGE,,,,,,,
9350-16K,10085339622243,604.65,388.85,24,21.12,CEILING 22.5 CU 16 BAR HNGR K KLAMP,,,,,,,
9350-16KV,10085339983016,"1,390.77",894.40,24,22.08,CEILING 22.5 16 BR HGR K KLP VP SEA,,,,,,,
9350-BHGK,10085339881114,750.76,482.82,24,31.92,CEILING BOX BR HNGR GRND K KLAMPS,,,,,,,
9350-BHGKV,10085339990922,"1,548.91",996.11,18,25.02,FAN BOX 22.5 CU IN VAPOR SEAL WITH GROUND,,,,,,,
9350-BHK,10085339881091,680.80,437.82,24,31.92,CEILING BOX 22.5CU BAR HANGER K KLAMPS,,7.48,6.98,656.74,,,
9350-BHKV,10085339881244,"1,484.47",954.66,18,25.02,FAN BOX 22.5 CU IN VAPOR SEAL,,,,,,,
9350-BHKV2,10085339104848,"1,707.17","1,097.88",18,25.02,FAN BOX BHK VAPOR SEAL DBL DRYWALL,,,,,,,
9350-FAN,10085339990205,"2,081.51","1,338.62",20,50.00,FAN BOX 22.5CU  W/ NEW WORK BAR POP,,,,,,,
9350-FANB,10085339990212,"1,810.01","1,164.02",20,50.00,FAN BOX 22.5CU W/ NEW WORK BAR BULK,,,,,,,
9350-FANV2B,10085339990236,"3,672.02","2,361.47",18,30.06,FAN BOX 22.5CU W/ NEW WORK BAR - DBLE LAYER VAPOR SEAL BULK,,,,,,,
9350-FANVB,10085339990229,"3,193.05","2,053.45",18,30.42,FAN BOX 22.5 CU W/ NEW WORK BAR  - VAPOR SEAL BULK,,,,,,,
9350-FRBKOW,10085339104725,"4,538.32","2,918.59",20,49.00,OLD WORK BAR  9350 22.5CU. FAN,,,,,,,
9350-HLK,10085339620942,419.23,269.61,50,27.00,CEILING BOX 22.5CU HANGER KLAMP,,4.19,,,,,
9350-HNK,10085339104626,445.80,286.70,50,30.00,CEILING BOX 22.5CU.,,,,,,,
9350-HNKV2,10085339104855,"1,068.09",686.89,50,30.00,FAN BOX HNK VAPOR SEAL DBL DRYWALL,,                                                                 ,,,,,
9350-K,10085339104183,224.79,144.56,50,22.00,CEILING BOX 22.5CU.,,,,,,,
9350-KFR,10085339104596,616.67,396.58,50,25.00,FAN BOX 22.5CU.,,,,,,,
9351-NGK,10085339652127,372.46,239.53,48,24.00,CEILING BOX 22.5CU.,,,,,,,
9351-NGKV,10085339990939,812.07,522.24,48,25.92,CEILING BOX 22.5CU WITH GROUND,,,,,,,
9351-NK,10085339104763,268.83,164.02,48,24.48,CEILING BOX 22.5CU NAIL K KLAMP,,2.95,3.35,255.38,248.8,,
9351-NKFR,10085339650024,767.07,493.30,48,25.44,FAN BOX 22.5CU.,,,,,,,
9351-NKFRV,10085339658105,"1,311.87",843.66,48,27.84,CEILING FAN BOX 22.5CU.,,,,,,,
9351-NKV,10085339658112,720.90,463.61,48,25.92,CEILING BOX 22.5CU VAPOR SEAL NAIL K KLAMP,,,,,,,
9351-SSK,10085339659928,369.27,237.48,48,23.52,CEILING BOX 22.5CU STEEL STUD KLAMP,,,,,,,
9352-BHGK,10085339984891,788.83,507.30,20,26.60,4/0 CEILING FIXTURE BOX 22.5CU BAR HANGER K KLAMPS GRD STRP,,,,,,,
9352-BHK,10085339984785,715.31,460.01,20,26.60,4/0 CEILING FIXTURE BOX 22.5CU BAR HANGER K KLAMPS,,,,,,,
9352-NGK,10085339984884,376.86,242.36,48,24.00,4/0 CEILING FIXTURE BOX 22.5CU NAIL K KLAMP GRD STRP,,,,,,,
9352-NK,10085339984778,282.08,181.40,48,24.00,4/0 CEILING FIXTURE BOX 22.5CU NAIL K KLAMP,,,,,,,
9355-GK,10085339680915,311.46,200.30,48,19.20,CEILING BOX 22CU GROUND KLAMP,,,,,,,
9355-K,10085339682919,209.08,134.46,48,18.24,CEILING BOX 22.0CU.,,,,,,,
9355-SGK,10085339681516,454.94,292.57,48,25.92,CEILING BOX 22CU SNAP GROUND KLAMP,,,,,,,
9355-SK,10085339682926,375.58,241.53,48,24.96,SNAP BMC CEILING BOX 22CU,,,,,,,
9355-SKLS,10085339682971,388.12,249.60,48,24.96,CEILING BOX 22.0CU.,,,,,,,
9361-EK,10085339105616,217.43,139.83,100,29.00,SINGLE GANG 15.8CU.,,,,,,,
9361-ESK,10085339105661,344.84,221.76,50,22.00,SINGLE GANG 15.8CU.,,,,,,,
9363-EK,10085339105760,217.43,139.83,100,30.00,SINGLE GANG 16.0CU.,,,,,,,
9363-EWK,10085339105784,300.13,193.01,100,32.00,SINGLE GANG 16.0CU EAR WING KLAMP,,3.29,3.69,,,,
9364-16K,10085339983023,599.23,385.36,24,19.92,CEILING BOX 15 CU 16 BR HNGR 2C CLM,,,,,,,
9364-BHGK,10085339881152,749.84,482.22,24,33.00,CEILING BOX BR HNGR GRND K KLAMPS,,,,,,,
9364-BHK,10085339881138,675.40,434.35,24,29.04,CEILING BOX BR HNGR K KLAMPS,,,,,,,
9364-FANB,10085339990250,"1,810.01","1,164.02",20,27.00,FAN BOX 15CU NEW WORK BAR BULK,,,,,,,
9364-FRBKOW,10085339704246,"4,376.25","2,814.37",20,48.00,OLD WORK BAR FAN BOX 15.0CU.,,,,,,,
9364-K,10085339106224,224.67,144.48,50,25.00,CEILING BOX 15.0CU,,,,,,,
9364-KFR,10085339106200,660.15,424.55,50,20.00,FAN BOX 15CU KLAMP FAN RATED,,,,,,,
9365-NK,10085339753916,234.01,150.49,50,21.00,CEILING BOX 15.0CU.,,,,,,,
9366-EWK,10085339770029,405.29,260.64,100,34.00,SINGLE GANG 18.0CU.,,,,,,,
9368-EK,10085339760037,233.27,150.02,100,32.00,SINGLE GANG 18.0CU.,,,,,,,
9368-EWK,10085339760013,349.72,224.91,100,34.00,SINGLE GANG 18.0CU.,,3.88,4.29,,,,
9369-FB,10085339765001,"1,095.19",704.31,25,11.00,FAN BOX 16.0CU.,,,,,,,
9369-FRBKB,10085339997396,"1,991.01","1,280.42",20,27.20,FAN BOX 16.0 CU,,,,,,,
9370-FR,10085339766008,449.27,288.93,24,5.76,FAN BOX 8 CU,,,,,,,
9371-FRV,10085339927058,888.11,571.14,24,8.40,FAN BOX 12.0 CU,,,,,,,
9372-NMHK,10085339106835,367.43,236.30,48,24.96,TWO GANG 30CU,,,,,,,
9373-FR,10085339782541,969.95,400.19,40,16.00,FAN BOX 16.5CU.,,,,,,,
9375-FR,10085339792915,905.28,368.14,24,6.96,FAN BOX 14.0 CU. IN.,,8.55,,,,,
9380-FANB,10085339975899,"1,407.49",905.16,12,25.44,FAN BOX METAL 4 INCH ROUND ON A BAR,,,,,,,
9380-FR,10085339975882,563.11,362.14,24,12.96,FAN BOX  METAL 4 INCH ROUND,,,,,,,
AC9500,10085339095009,676.69,435.18,20,11.00,SIDING BOX,,,,,,,
AC9500BULK,10085339095030,644.47,414.46,50,28.00,SIDING BOX BULK PACKED,,,,,,,
FB-1,10085339941238,"5,395.75","3,470.01",6,8.40,FLOOR BOX RECT. SIMPLEX DEV BRASS,,,,,,,
FB-1CVR,10085339941313,"3,275.99","2,456.99",1,0.54,FLOOR BOX SIMPLEX BRASS COVER,,,,,,,
FB-1N,10085339941283,"6,166.57","3,965.72",6,8.40,FLOOR BOX RECT SIMPLEX DEV NICKEL,,,,,,,
FB-1NCVR,10085339941320,"3,757.75","2,818.31",1,0.54,FLOOR BOX SIMPLEX NICKEL COVER,,,,,,,
FB-2,10085339941245,"6,166.57","3,965.72",6,8.58,FLOOR BOX RECT. DUPLEX DEV BRASS,,,,,,,
FB-2CVR,10085339941337,"3,661.41","2,746.06",1,0.64,FLOOR BOX DUPLEX BRASS COVER,,,,,,,
FB-2DB,10085339996016,"8,152.93","5,243.15",6,8.58,FLOOR BOX RECT. DUPLEX DARK BRONZE,,,,,,,
FB-2DBCVR,10085339996023,"4,609.62","3,457.21",1,0.64,FLOOR BOX DUPLEX DARK BRONZE COVER,,,,,,,
FB-2N,10085339941290,"6,937.39","4,461.44",6,8.58,FLOOR BOX RECT DUPLEX DEV NICKEL,,,,,,,
FB-2NCVR,10085339941344,"4,143.17","3,107.38",1,0.64,FLOOR BOX DUPLEX  NICKEL COVER,,,,,,,
FB-2RI,10085339984594,"2,408.21","1,806.16",6,0.00,FLOOR BOX RECT. DUPLEX ROUGH IN KIT,,,,,,,
FB-3,10085339941252,"6,937.39","4,461.44",6,9.60,FLOOR BOX ROUND DUPLEX BRASS,,,,,,,
FB-3CVR,10085339941351,"3,661.41","2,746.06",1,0.74,FLOOR BOX ROUND BRASS COVER,,,,,,,
FB-3DB,10085339996030,"8,708.82","5,600.64",6,9.60,FLOOR BOX ROUND DUPLEX DARK BRONZE,,,,,,,
FB-3DBCVR,10085339996047,"4,682.37","3,511.78",1,0.74,FLOOR BOX ROUND DUPLEX  DARK BRONZE,,,,,,,
FB-3N,10085339941306,"7,708.22","4,957.16",6,9.60,FLOOR BOX ROUND DUPLEX DEV NICKEL,,,,,,,
FB-3NCVR,10085339941368,"4,143.17","3,107.38",1,0.74,FLOOR BOX ROUND NICKEL COVER,,,,,,,
FB-3RI,10085339984600,"2,785.15","2,088.87",6,0.00,FLOOR BOX ROUND DUPLEX ROUGH-IN KIT,,,,,,,
FB-4,10085339990724,"8,740.28","5,620.87",6,11.70,FLOOR BOX ROUND DUPLEX LOW VOLTAGE BRASS,,,,,,,
FB-4CVR,10085339990786,"4,719.75","3,539.81",1,0.95,FLOOR BOX ROUND DUPLEX LOW VOLTAGE COVER BRASS,,,,,,,
FB-4DB,10085339990731,"10,313.53","6,632.63",6,11.70,FLOOR BOX ROUND DUPLEX LOW VOLTAGE DARK BRONZE,,,,,,,
FB-4DBCVR,10085339990793,"5,943.39","4,457.54",1,0.95,FLOOR BOX ROUND DUPLEX LOW VOLTAGE COVER DARK BRONZE,,,,,,,
FB-4N,10085339990748,"9,439.50","6,070.54",6,11.70,FLOOR BOX ROUND DUPLEX LOW VOLTAGE NICKEL,,,,,,,
FB-4NCVR,10085339990809,"5,244.16","3,933.12",1,0.95,FLOOR BOX ROUND DUPLEX LOW VOLTAGE COVER DARK NICKEL,,,,,,,
FB-4RI,10085339984617,"3,025.46","2,269.09",6,0.00,FLOOR BOX ROUND DUPLEX LOW VOLTAGE ROUGH-IN KIT,,,,,,,
FB-5,10085339990755,"9,614.31","6,182.96",6,13.56,FLOOR BOX DOUBLE GANGE DECOR LOW VOLTAGE BRASS,,,,,,,
FB-5CVR,10085339990816,"4,894.56","3,670.92",1,1.00,FLOOR BOX DOUBLE GANG DECOR LOW VOLTAGE COVER BRASS,,,,,,,
FB-5DB,10085339990762,"11,187.55","7,194.71",6,13.56,FLOOR BOX DOUBLE GANG DECOR LOW VOLTAGE DARK BRONZE,,,,,,,
FB-5DBCVR,10085339990823,"6,992.23","5,244.17",1,1.10,FLOOR BOX DOUBLE GANG DECOR LOW VOLTAGE COVER DARK BRONZE,,,,,,,
FB-5N,10085339990779,"10,313.53","6,632.63",6,13.56,FLOOR BOX DOUBLE GANG DECOR LOW VOLTAGE NICKEL,,,,,,,
FB-5NCVR,10085339990830,"5,593.78","4,195.34",1,1.10,FLOOR BOX DOUBLE GANG DECOR LOW VOLTAGE COVER NICKEL,,,,,,,
FB-6,10085339972331,"6,642.61","4,271.86",6,10.20,FLOOR BOX RECT DECOR DEV FLIP LID BRASS,,,,,,,
FB-6CVR,10085339972423,"4,078.22","3,058.67",1,1.00,FLOOR BOX RECT DECOR FLIP LID BRASS COVER,,,,,,,
FB-6DB,10085339972355,"9,439.50","6,070.54",6,10.20,FLOOR BOX RECT DECOR DEV FLIP LID DARK BRONZE,,,,,,,
FB-6DBCVR,10085339972447,"5,945.13","4,458.85",1,1.00,FLOOR BOX RECT DECOR FLIP LID DARK BRONZE COVER,,,,,,,
FB-6N,10085339972348,"7,691.45","4,946.37",6,10.20,FLOOR BOX RECT DECOR DEV FLIP LID NICKEL,,,,,,,
FB-6NCVR,10085339972430,"4,884.07","3,663.05",1,1.00,FLOOR BOX RECT DECOR FLIP LID NICKEL COVER,,,,,,,
FB-6RI,10085339984624,"2,460.05","1,845.04",6,0.00,FLOOR BOX RECT DECOR DEV FLIP LID ROUGH-IN KIT,,,,,,,
FB-7,10085339972362,"7,167.02","4,609.11",6,10.98,FLOOR BOX ROUND FLIP LID BRASS,,,,,,,
FB-7CVR,10085339972454,"4,090.45","3,067.84",1,1.00,FLOOR BOX ROUND FLIP LID BRASS COVER,,,,,,,
FB-7DB,10085339972386,"9,089.88","5,845.70",6,10.98,FLOOR BOX ROUND FLIP LID DARK BRONZE,,,,,,,
FB-7DBCVR,10085339972478,"5,223.18","3,917.39",1,1.00,FLOOR BOX ROUND FLIP LID DARK BRONZE COVER,,,,,,,
FB-7N,10085339972379,"7,866.25","5,058.78",6,10.98,FLOOR BOX ROUND FLIP LID NICKEL,,,,,,,
FB-7NCVR,10085339972461,"4,898.06","3,673.54",1,1.00,FLOOR BOX ROUND FLIP LID NICKEL COVER,,,,,,,
FB-8,10085339972393,"9,264.69","5,958.12",6,10.98,FLOOR BOX ROUND FLIP LID LOW VOLTAGE BRASS,,,,,,,
FB-8CVR,10085339972485,"5,069.36","3,802.02",1,1.00,FLOOR BOX ROUND FLIP LID LOW VOLTAGE BRASS COVER,,,,,,,
FB-8DB,10085339972416,"11,100.15","7,138.51",6,10.98,FLOOR BOX ROUND FLIP LID LOW VOLTAGE DARK BRONZE,,,,,,,
FB-8DBCVR,10085339972508,"6,467.80","4,850.85",1,1.00,FLOOR BOX ROUND FLIP LID LOW VOLTAGE DARK BRONZE COVER,,,,,,,
FB-8N,10085339972409,"9,963.91","6,407.79",6,10.98,FLOOR BOX ROUND FLIP LID LOW VOLTAGE NICKEL,,,,,,,
FB-8NCVR,10085339972492,"5,768.58","4,326.43",1,1.00,FLOOR BOX ROUND FLIP LID LOW VOLTAGE NICKEL COVER,,,,,,,
FB-BRPLG,10085339941375,626.28,469.71,1,0.10,FLOOR BOX THREADED  BRASS PLUG KIT,,,,,,,
FB-BRPLGLV,10085339990847,874.03,655.52,1,0.10,FLOOR BOX LOW VOLTAGE PLUG BRASS,,,,,,,
FB-CAK,10085339994791,690.92,518.19,6,2.28,CONCRETE ADAPTER KIT,,,,,,,
FB-DBPLG,10085339996054,815.29,611.46,1,0.10,FLOOR BOX THREADED DARK BRONZE PLUG KIT,,,,,,,
FB-DBPLGLV,10085339990854,"1,223.64",917.73,1,0.10,FLOOR BOX LOW VOLTAGE PLUG DARK BRONZE,,,,,,,
FB-NPLG,10085339941382,722.64,541.98,1,0.10,FLOOR BOX THREADED NICKEL PLUG KIT,,,,,,,
FB-NPLGLV,10085339990861,926.47,694.85,1,0.10,FLOOR BOX LOW VOLTAGE PLUG NICKEL,,,,,,,
GRD STRAP,10085339880209,67.73,50.80,100,16.00,ACCESSORY GROUND,,,,,,,
H9319=,10085339101014,157.31,101.16,25,2.25,HANDY BOX COVER SWITCH,,,,,,,
H9320=,10085339101021,132.43,85.17,25,2.00,COVER SWITCH,,,,,,,
H9322=,10085339101038,135.55,87.17,25,2.00,COVER SWITCH,,,,,,,
LED-1,10085339984389,"2,809.00","1,806.47",5,3.85,7 INCH LED LOW-PROFILE LUMINAIRE W MOTION SENSOR - DO NOT REORDER,,,,,,,
LH-11P,10085339870002,345.51,166.04,48,12.48,LAMPHOLDER KEYLESS 4 SCREWS,,,,,,,
LH-11WP,10085339870019,407.22,217.13,48,13.44,LAMPHOLDER KEYLESS 1PW 7 IN WIRE,,,,,,,
LH-12P,10085339870026,518.25,301.41,48,13.92,LAMPHOLDER 3FT PULL CHAIN,,,,,,,
LH-12WP,10085339870033,592.30,344.83,48,14.88,LAMPHOLDER 3 FT PL CHAIN 7IN WIRE,,,,,,,
LH-13P,10085339870040,962.49,426.58,48,17.28,LAMPHOLDER 3FT PULL CHAIN GROUNDED,,,,,,,
LH-21WP,10085339995835,474.60,305.22,48,13.44,LAMPHOLDER  CFL KEYLESS  POLY BAG AND WIRE LEADS,,,,,,,
LH-22WP,10085339995842,616.95,396.76,48,14.88,LAMPHOLDER  CFL PULLCHAIN LAMPHOLDER POLY BAG AND WIRE LEADS,,,,,,,
LH-CFL1,10085339870057,"2,764.01","1,777.54",12,11.52,LH KEYLESS CFL BLISTER PACK,,,,,,,
LH-CFL2,10085339870064,"3,948.58","2,539.33",12,11.52,LH KEYLESS PULLCHAIN  BLISTER PACK,,,,,,,
LH-LED,10085339985812,"3,078.24","2,252.71",12,3.12,LH KEYLESS LED BLISTER PACK,,,,,,,
LVB-1,10085339800023,202.48,130.22,48,10.08,FLEXBOX SINGLE GANG LOW VOLTAGE BRACKET,,,,,,,
LVBOW-1,10085339800030,271.38,174.53,24,4.08,FLEXBOX LOW VOLTAGE OW SINGLE GANG,,,,,,,
LVP-1,10085339800009,133.66,85.96,50,2.15,FLEXBOX LOW VOLTAGE PARTITION,,1.72,,,,,
LVP-2,10085339800054,133.66,85.96,50,2.75,FLEXBOX LOW VOLTAGE PARTITION,,,,,,,
P-108E,10085339249174,239.93,154.30,24,3.00,FLEXBOX SINGLE GANG EARS,,,,,,,
P-108H,10085339249181,239.93,154.30,24,3.00,FLEXBOX SIDE BRCK MNT 8 CU IN,,,,,,,
P-116OW,10085339249150,339.31,218.21,48,9.18,FLEXBOX SINGLE GANG,,,,,,,
P-118OW,10085339927140,394.05,253.41,48,10.51,FLEXBOX SINGLE GANG 18CU,,,,,,,
P-122OW,10085339249136,468.14,301.06,48,12.00,FLEXBOX SINGLE GANG 22.5CU OWB,,,,,,,
P-122SC,10085339249143,407.18,261.86,24,9.00,FLEXBOX SIDE CUBE 22.5 CU,,,,,,,
P-181,10085339243912,179.66,57.24,125,25.00,FLEXBOX SINGLE GANG 18.0CU.,,,,,,,
P-181H,10085339249167,272.67,175.36,48,11.23,FLEX BOX SINGLE FACE BRCKT MNT,,,,,,,
P-181HZ,10085339249198,341.67,219.73,36,11.30,FLEXBOX P-181H WITH FLEXBRKT,,,,,,,
P-181QT,10085339243998,225.75,145.18,125,23.75,FLEXBOX SINGLE GANG 18CU. QCK THRD,,,,,,,
P-181RK,10085339243981,211.13,135.78,125,25.00,FLEXBOX SINGLE GANG 18CU REVERSE,,,,,,,
P-201,10085339249006,210.54,68.58,100,22.00,FLEXBOX SINGLE GANG 20.5CU,,,,,,,
P-201QT,10085339249099,275.85,73.44,100,23.00,FLEXBOX SINGLE GANG 20.5CU QTHREAD,,,,,,,
P-201R,10085339249013,243.14,156.37,100,23.00,FLEXBOX SINGLE GANG 20.5CU,,,,,,,
P-221NV,10085339984976,438.76,282.17,48,12.96,SINGLE GANG 22.0 CU  FLEXBOX VAPOR SEAL,,,,,,,
P-240OW,10085339249129,726.17,467.00,24,7.92,FLEXBOX 2-GANG 40.0 CU OWB,,,,,,,
P-241,10085339249037,247.91,74.52,100,26.00,FLEXBOX SINGLE GANG 24CU,,,,,,,
P-241H,10085339249075,336.66,216.51,50,14.00,FLEXBOX SINGLE GANG FACE BRACKET MOUNT,,,,,,,
P-241HQT,10085339249082,448.19,288.23,50,14.00,FLEXBOX SINGLE GANG QT W/FLANGE 24.0CU,,,,,,,
P-241QT,10085339249044,318.09,79.38,100,25.00,FLEXBOX SINGLE GANG 24.0CU. QTHREAD,,,,,,,
P-241R,10085339249105,243.94,156.88,100,26.00,FLEXBOX SINGLE GANG 24CU REVERSE,,,,,,,
P-352OW,10085339332012,919.77,591.50,12,5.40,FLEXBOX THREE GANG 55 CU OWB,,,,,,,
P-442,10085339440007,522.43,157.68,48,15.84,FLEXBOX TWO GANG 43.5 CU.,,,,,,,
P-442H,10085339440021,816.51,525.09,48,21.12,FLEXBOX 2-GANG 43.5CU HANGER BRKT,,,,,,,
P-442HQT,10085339440038,"1,020.56",656.32,48,21.12,FLEXBOX 2-GANG 43.5CU. HANG-QTHREAD,,,,,,,
P-442QT,10085339440014,678.20,240.17,48,17.28,FLEXBOX 2-GANG 43.5CU QTHREAD,,,,,,,
P-643,10085339463020,783.63,274.48,20,9.00,FLEXBOX THREE GANG 64.0CU,,,,,,,
P-643H,10085339463037,"1,080.29",694.74,20,13.00,FLEXBOX 3 GANG 64.0CU. HANGER BRKT,,,,,,,
P-643HQT,10085339463044,"1,350.36",868.42,20,13.00,FLEXBOX 3-GANG 64.0CU. HANG-QTHREAD,,,,,,,
P-643QT,10085339463013,"1,017.27",400.28,20,9.20,FLEXBOX THREE GANG 64CU QTHREAD,,,,,,,
P-764,10085339940606,"1,214.60",781.11,18,9.00,FLEXBOX FOUR GANG 74.8CU,,,,,,,
P-764B,10085339940613,"1,584.65","1,019.09",18,12.60,FLEXBOX FOUR GANG 74.8CU BAR,,,,,,,
P-764BQT,10085339940620,"1,980.80","1,273.85",18,12.60,FLEXBOX 4-GANG 74.8CU. BAR QTHREAD,,,,,,,
P-764H,10085339940644,"1,523.91",980.03,12,6.96,FLEXBOX FOUR GANG 74.8CU HANGER,,,,,,,
P-764HB,10085339940668,"1,774.35","1,141.09",6,4.98,FLEXBOX FOUR GANG 74.8CU. HG BAR,,,,,,,
P-764HBQT,10085339940675,"2,217.94","1,426.36",6,4.98,FLEXBOX 4-GANG 74.8CU. HG BAR QTHRD,,,,,,,
P-764HQT,10085339940651,"1,904.73","1,224.93",12,8.04,FLEXBOX 4-GANG 74.8CU.HG QTHREAD,,,,,,,
P-764QT,10085339940637,"1,546.30",994.43,18,8.10,FLEXBOX FOUR GANG 74.8CU QTHREAD,,,,,,,
P-9367,10085339987076,340.09,218.71,50,10.00,FLEXBOX SINGLE GANG 16.0 CU,,,,,,,
P-9367OW,10085339987083,441.46,283.90,50,10.00,FLEXBOX SINGLE GANG 16.0 CU WITH WINGS,,,,,,,
PC213-16,10085339983047,993.65,639.02,24,15.84,FLEXBOX 3.5 CEILING 16 BR HNGR,,,,,,,
PC213-16G,10085339983054,"1,113.71",716.23,24,15.60,FLEXBOX 3.5 CU 16 BR HNGR GROUND,,,,,,,
PC213-BH,10085339980305,"1,082.13",695.92,24,26.16,FLEXBOX BH BAR HANGER,,,,,,,
PC213-BHG,10085339980312,"1,202.20",773.14,24,26.64,FLEXBOX BH BAR HANGER GROUND,,,,,,,
PC213-N,10085339980114,397.17,255.42,50,11.00,FLEXBOX 3.5 IN. CEILING,,,,,,,
PC213-NG,10085339980121,534.72,343.88,50,12.00,FLEXBOX 3.5 IN. CEILING,,,,,,,
PC223OW,10085339980282,515.78,331.70,24,8.64,FLEXBOX 3.5 IN CEILING SNAP,,,,,,,
PC223OWG,10085339980299,617.41,397.06,24,9.12,FLEXBOX 3.5 IN CEILING SNAP AND GROUND,,,,,,,
PC234-16,10085339983061,913.83,587.68,24,16.08,FLEXBOX 4 CU 16 BR HNGR,,,,,,,
PC234-16G,10085339983078,"1,034.95",665.58,24,15.60,FLEXBOX 4 CU 16 BR HNGR GROUND,,,,,,,
PC234-BH,10085339980329,"1,002.31",644.58,24,25.92,FLEXBOX BH BAR HANGER,,,,,,,
PC234-BHG,10085339980336,"1,123.46",722.49,24,26.16,FLEXBOX BH BAR HANGER GROUND,,,,,,,
PC234-N,10085339980251,439.92,282.92,50,11.00,FLEXBOX 4 IN CEILING,,,,,,,
PC234-NG,10085339980268,586.99,377.50,50,12.50,FLEXBOX 4 IN. CEILING,,,,,,,
PC244OW,10085339983115,462.97,297.74,24,6.89,FLEXBOX 4 IN CEILING OWB,,,,,,,
PC244OWG,10085339974182,508.36,326.92,24,6.89,FLEXBOX 4 IN. CEILING OWB WITH GROUND,,,,,,,
PJ-20H,10085339990007,642.83,413.40,48,14.40,FLEXBOX 20CI 4 SQ W/BRKT JUNC BOX,,,,,,,
PJ-20N,10085339990014,549.45,353.35,48,11.52,FLEXBOX 20CU 4 SQ NAIL ON JUNC BOX,,,,,,,
PJ-32H,10085339990021,730.48,469.77,48,16.80,FLEXBOX 32CI 4 SQ W/BRKT JUNC BOX,,,,,,,
PJ-32N,10085339990038,648.05,416.76,48,12.96,FLEXBOX 32CU 4 SQ NAIL ON JUNC BOX,,,,,,,
PJ-4B,10085339990083,248.55,159.84,100,8.00,FLEXBOX BLANK COVER,,,,,,,
PJ-4S1,10085339990045,264.11,169.85,100,7.00,FLEXBOX SG GN PLASTER RING 1/2 OS,,,,,,,
PJ-4S2,10085339990052,290.46,186.79,50,4.00,FLEXBOX SG PLASTER RING 5/8 OFST,,,,,,,
PJ-4T1,10085339990069,297.33,191.21,50,3.00,FLEXBOX 2G PLASTER RING 1/2 OFSET,,,,,,,
PJ-4T2,10085339990076,326.83,210.18,50,3.50,FLEXBOX 2G PLASTER RING 5/8 OFST,,,,,,,
RD-42,10085339129070,770.18,495.31,24,21.36,RANGE BOX 42 CU IN,,,,,,,
RD-42SS,10085339129056,823.38,529.52,24,21.12,RANGE BOX 42 CU IN STEEL STUD SCREW,,,,,,,
RD-42V,10085339129063,"1,373.72",883.44,24,22.56,RANGE BOX 42CU VPR SEAL RD-42V,,,,,,,
SB-1,10085339945007,380.17,244.49,48,12.48,SB SINGLE GANG SLIDER BOX,,,,,,,
SB-1H,10085339945038,425.44,273.60,12,3.12,SB SINGLE HANG SB BOX,,,,,,,
SB-2,10085339945014,633.64,407.49,24,9.00,SB TWO GANG SLIDER BOX,,6.84,7.36,,,,
SB-3,10085339945021,814.67,523.92,6,2.94,SB THREE GANG SLIDER BOX,,,,,,,
SB-4,10085339945045,"1,176.75",756.77,6,3.18,SB 4 GANG BOX,,,,,,,
SB-CB,10085339945052,724.16,465.71,12,3.00,SB CEILING BOX,,,,,,,
SB-CBFR,10085339945069,"1,220.33",784.80,12,9.96,SB CEILING BOX FAN RATED,,,,,,,
SB-CBG,10085339945076,844.86,543.33,12,3.84,SB CEILING BOX WITH GROUND,,,,,,,
SBFB-1,10085339975288,"6,326.29","4,068.44",6,10.20,SLIDERBOX FLOOR BOX RECTANGLE FLIP LID BRASS,,,,,,,
SBFB-1CVR,10085339976179,"4,078.22","3,058.67",1,1.00,SLIDERBOX FLOORBOX RECT FLIP LID BRASS COVER,,,,,,,
SBFB-1DB,10085339975295,"8,990.00","5,781.47",6,10.20,SLIDERBOX FLOOR BOX RECTANGLE FLIP LID DARK BRONZE,,,,,,,
SBFB-1DBCVR,10085339976193,"5,945.13","4,458.85",1,1.00,SLIDERBOX FLOORBOX RECT FLIP LID DARK BRONZE COVER,,,,,,,
SBFB-1N,10085339975301,"7,325.18","4,710.82",6,10.20,SLIDERBOX FLOOR BOX RECTANGLE FLIP LID NICKEL,,,,,,,
SBFB-1NCVR,10085339976186,"4,884.07","3,663.05",1,1.00,SLIDERBOX FLOORBOX RECT FLIP LID NICKEL COVER,,,,,,,
WINGS,10085339890567,40.62,30.46,100,2.00,ACCESSORY WINGS WITH SCREW,,,,,,,
WIRE CLAMP,10085339880100,33.30,24.98,100,2.00,ACCESSORY CLAMP,,,,,,,
