Bronze ,Aluminum,Distrib Net ,,Description,Ctn ,  Trade List,,2021
Cat No, Cat No,$/EA,,Category,Qty, $/EA,Mult,Cat Page
2J3A2N                 ,--,46.5195,,LUG,1,63.7254,0.73,100
2J4A2N                 ,--,63.2840,,LUG,1,86.6904,0.73,100
--,AL2J4A2N,63.2840,,LUG,1,86.6904,0.73,100
2J4A4N,,65.3196,,LUG,1,89.4788,0.73,100
--,AL2J4A4N,65.3196,,LUG,1,89.4788,0.73,100
2J5A2N                 ,AL2J5A2N,102.0618,,LUG,1,139.8107,0.73,100
2J5A4N                 ,AL2J5A4N,104.7262,,LUG,1,143.4606,0.73,100
2J5L                   ,AL2J5L,61.1685,,TERM ADAPTERS,1,83.7925,0.73,108
2J5L90                 ,AL2J5L90,61.1685,,TERM ADAPTERS,1,83.7925,0.73,108
2J6A2N                 ,AL2J6A2N,120.6216,,LUG,1,165.2351,0.73,100
2J6A4N                 ,AL2J6A4N,122.3484,,LUG,1,167.6005,0.73,100
2J6L                   ,AL2J6L,75.5886,,TERM ADAPTERS,1,103.5461,0.73,108
2J6L90                 ,AL2J6L90,75.5886,,TERM ADAPTERS,1,103.5461,0.73,108
2J7A2N                 ,AL2J7A2N,182.7278,,LUG,1,250.3121,0.73,100
2J7A4N                 ,AL2J7A4N,182.7278,,LUG,1,250.3121,0.73,100
2J7L                   ,AL2J7L,118.9748,,TERM ADAPTERS,1,162.9792,0.73,108
2J7L90                 ,AL2J7L90,118.9748,,TERM ADAPTERS,1,162.9792,0.73,108
2J8A2N,AL2J8A2N,238.0298,,LUG,1,326.0682,0.73,100
2J8A4N,AL2J8A4N,238.0298,,LUG,1,326.0682,0.73,100
2J8L                   ,AL2J8L,175.9923,,TERM ADAPTERS,1,241.0853,0.73,108
2J8L90,AL2J8L90,175.9923,,TERM ADAPTERS,1,241.0853,0.73,108
--,AL2JJ2A2N,65.6397,,LUG,1,89.9174,0.73,103
2JJ2AR2N,--,48.7953,,LUG,1,66.8429,0.73,105
--,AL2JJ2AR2N,66.0285,,LUG,1,90.4500,0.73,105
2JJ2U                  ,--,29.8466,,MULT COUPLER,1,40.8858,0.73,116
--,AL2JJ2U,44.0152,,MULT COUPLER,1,60.2948,0.73,116
2JJ3A2N                ,--,65.6397,,LUG,1,89.9174,0.73,103
2JJ3AR2N,--,66.0285,,LUG,1,90.4500,0.73,105
2JJ3U                  ,--,44.0152,,MULT COUPLER,1,60.2948,0.73,116
2JJ4A2N                ,--,94.4572,,LUG,1,129.3934,0.73,103
--,AL2JJ4A2N,94.4572,,LUG,1,129.3934,0.73,103
2JJ4A4N                ,--,97.0416,,LUG,1,132.9337,0.73,103
--,AL2JJ4A4N,97.0416,,LUG,1,132.9337,0.73,103
2JJ4AR2N,--,94.4572,,LUG,1,129.3934,0.73,105
--,AL2JJ4AR2N,94.4572,,LUG,1,129.3934,0.73,105
2JJ4AR4N               ,--,98.3796,,LUG,1,134.7666,0.73,105
--,AL2JJ4AR4N,96.4240,,LUG,1,132.0877,0.73,105
2JJ4U,--,62.1176,,MULT COUPLER,1,85.0926,0.73,116
--,AL2JJ4U,62.1176,,MULT COUPLER,1,85.0926,0.73,116
2JJ5A2N                ,AL2JJ5A2N,141.6857,,LUG,1,194.0900,0.73,103
2JJ5A4N                ,AL2JJ5A4N,143.1839,,LUG,1,196.1423,0.73,103
2JJ5AR2N               ,AL2JJ5AR2N,142.3148,,LUG,1,194.9518,0.73,105
2JJ5AR4N               ,AL2JJ5AR4N,144.1215,,LUG,1,197.4268,0.73,105
2JJ5L                  ,AL2JJ5L,109.5749,,TERM ADAPTERS,1,150.1026,0.73,109
2JJ5L90,AL2JJ5L90,109.5749,,TERM ADAPTERS,1,150.1026,0.73,109
2JJ5U                  ,AL2JJ5U,96.3441,,MULT COUPLER,1,131.9782,0.73,116
2JJ6A2N                ,AL2JJ6A2N,169.4969,,LUG,1,232.1875,0.73,103
2JJ6A4N                ,AL2JJ6A4N,171.4524,,LUG,1,234.8663,0.73,103
2JJ6AR2N               ,AL2JJ6AR2N,170.0458,,LUG,1,232.9394,0.73,105
2JJ6AR4N               ,AL2JJ6AR4N,171.8412,,LUG,1,235.3990,0.73,105
2JJ6L                  ,AL2JJ6L,134.3328,,TERM ADAPTERS,1,184.0175,0.73,109
2JJ6L90                ,AL2JJ6L90,134.3328,,TERM ADAPTERS,1,184.0175,0.73,109
2JJ6U,AL2JJ6U,109.7384,,MULT COUPLER,1,150.3266,0.73,116
2JJ7A2N                ,AL2JJ7A2N,243.0386,,LUG,1,332.9296,0.73,103
2JJ7A4N                ,AL2JJ7A4N,245.0055,,LUG,1,335.6239,0.73,103
2JJ7AR2N               ,AL2JJ7AR2N,238.5787,,LUG,1,326.8201,0.73,105
2JJ7AR4N,AL2JJ7AR4N,240.3855,,LUG,1,329.2952,0.73,105
2JJ7L                  ,AL2JJ7L,211.8654,,LUG,1,290.2266,0.73,109
2JJ7L90,AL2JJ7L90,211.8654,,TERM ADAPTERS,1,290.2266,0.73,109
2JJ7U,AL2JJ7U,166.6723,,MULT COUPLER,1,228.3182,0.73,116
2JJ8A2N                ,AL2JJ8A2N,309.7761,,LUG,1,424.3508,0.73,103
2JJ8A4N,AL2JJ8A4N,311.7315,,LUG,1,427.0295,0.73,103
2JJ8AR2N,AL2JJ8AR2N,309.9362,,LUG,1,424.5702,0.73,105
2JJ8AR4N,AL2JJ8AR4N,311.8116,,LUG,1,427.1392,0.73,105
2JJ8L,AL2JJ8L,317.5294,,TERM ADAPTERS,1,434.9718,0.73,109
2JJ8L90,AL2JJ8L90,317.5294,,TERM ADAPTERS,1,434.9718,0.73,109
2JJ8U,AL2JJ8U,211.4766,,MULT COUPLER,1,289.6940,0.73,116
2P4A4N                 ,AL2P4A4N,198.0056,,LUG,1,271.2406,0.73,107
2P4A4N90,AL2P4A4N90,255.2631,,LUG,1,349.6754,0.73,107
2P5A4N                 ,AL2P5A4N,256.2007,,LUG,1,350.9599,0.73,107
2P5A4N90               ,AL2P5A4N90,293.6405,,LUG,1,402.2473,0.73,107
2P6A4N                 ,AL2P6A4N,292.7029,,LUG,1,400.9628,0.73,107
2P6A4N90,AL2P6A4N90,348.4739,,LUG,1,477.3614,0.73,107
2P7A4N                 ,AL2P7A4N,384.2669,,LUG,1,526.3931,0.73,107
2P7A4N90               ,AL2P7A4N90,466.2708,,LUG,1,638.7271,0.73,107
2P8A4N                 ,AL2P8A4N,499.4794,,LUG,1,684.2184,0.73,107
2P8A4N90,AL2P8A4N90,599.3456,,LUG,1,821.0214,0.73,107
2X6A4N                 ,AL2X6A4N,315.9627,,LUG,1,432.8256,0.73,110
3J4A2N                 ,--,147.1748,,LUG,1,201.6094,0.73,101
--,AL3J4A2N,147.1748,,LUG,1,201.6094,0.73,101
3J4A4N                 ,--,148.4213,,LUG,1,203.3168,0.73,101
--,AL3J4A4N,148.4213,,LUG,1,203.3168,0.73,101
3J5A2N                 ,AL3J5A2N,237.8697,,LUG,1,325.8490,0.73,101
3J5A4N                 ,AL3J5A4N,238.8188,,LUG,1,327.1490,0.73,101
3J5L                   ,AL3J5L,88.5107,,TERM ADAPTERS,1,121.2475,0.73,108
3J5L90,AL3J5L90,88.5107,,TERM ADAPTERS,1,121.2475,0.73,108
3J6A2N                 ,AL3J6A2N,280.7986,,LUG,1,384.6556,0.73,101
3J6A4N                 ,AL3J6A4N,282.4453,,LUG,1,386.9113,0.73,101
3J6L                   ,AL3J6L,108.9460,,TERM ADAPTERS,1,149.2411,0.73,108
3J6L90                 ,AL3J6L90,108.9460,,TERM ADAPTERS,1,149.2411,0.73,108
3J7A2N                 ,AL3J7A2N,423.5020,,LUG,1,580.1398,0.73,101
3J7A4N                 ,AL3J7A4N,423.5020,,LUG,1,580.1398,0.73,101
3J7L                   ,AL3J7L,169.9658,,TERM ADAPTERS,1,232.8299,0.73,108
3J7L90,AL3J7L90,169.9658,,TERM ADAPTERS,1,232.8299,0.73,108
3J8A2N,AL3J8A2N,558.0635,,LUG,1,764.4706,0.73,101
3J8A4N                 ,AL3J8A4N,558.0635,,LUG,1,764.4706,0.73,101
3J8L,AL3J8L,224.8675,,TERM ADAPTERS,1,308.0377,0.73,108
3J8L90,AL3J8L90,224.8675,,TERM ADAPTERS,1,308.0377,0.73,108
--,AL3JJ2A2N,114.4236,,LUG,1,156.7446,0.73,104
3JJ2AR2N,--,84.8285,,LUG,1,116.2034,0.73,105
--,AL3JJ2AR2N,96.0353,,LUG,1,131.5552,0.73,105
3JJ2U,--,45.2732,,MULT COUPLER,1,62.0180,0.73,116
--,AL3JJ2U,45.2732,,MULT COUPLER,1,62.0180,0.73,116
3JJ3A2N                ,--,114.4350,,LUG,1,156.7603,0.73,104
3JJ3AR2N               ,--,95.3949,,LUG,1,130.6780,0.73,105
3JJ3U,--,66.1087,,MULT COUPLER,1,90.5598,0.73,116
3JJ4A2N                ,--,154.5393,,LUG,1,211.6976,0.73,104
--,AL3JJ4A2N,154.5393,,LUG,1,211.6976,0.73,104
3JJ4A4N                ,--,155.7857,,LUG,1,213.4051,0.73,104
--,AL3JJ4A4N,155.7857,,LUG,1,213.4051,0.73,104
3JJ4AR2N,--,117.8770,,LUG,1,161.4754,0.73,105
--,AL3JJ4AR2N,117.8770,,LUG,1,161.4754,0.73,105
3JJ4AR4N,--,121.0104,,LUG,1,165.7676,0.73,105
--,AL3JJ4AR4N,121.0104,,LUG,1,165.7676,0.73,105
3JJ4U,--,93.4394,,MULT COUPLER,1,127.9992,0.73,116
--,AL3JJ4U,93.4394,,MULT COUPLER,1,127.9992,0.73,116
3JJ5A2N                ,AL3JJ5A2N,249.8541,,LUG,1,342.2659,0.73,104
3JJ5A4N                ,AL3JJ5A4N,250.7232,,LUG,1,343.4564,0.73,104
3JJ5AR2N               ,AL3JJ5AR2N,182.8078,,LUG,1,250.4216,0.73,105
3JJ5AR4N,AL3JJ5AR4N,184.6947,,LUG,1,253.0064,0.73,105
3JJ5L                  ,AL3JJ5L,157.2037,,TERM ADAPTERS,1,215.3476,0.73,109
3JJ5L90,AL3JJ5L90,157.2037,,TERM ADAPTERS,1,215.3476,0.73,109
3JJ5U                  ,AL3JJ5U,144.8992,,MULT COUPLER,1,198.4920,0.73,116
3JJ6A2N                ,AL3JJ6A2N,294.8185,,LUG,1,403.8610,0.73,104
3JJ6A4N                ,AL3JJ6A4N,296.6138,,LUG,1,406.3202,0.73,104
3JJ6AR2N,AL3JJ6AR2N,225.4965,,LUG,1,308.8993,0.73,105
3JJ6AR4N               ,AL3JJ6AR4N,227.3833,,LUG,1,311.4840,0.73,105
3JJ6L                  ,AL3JJ6L,192.4479,,TERM ADAPTERS,1,263.6273,0.73,109
3JJ6L90                ,AL3JJ6L90,192.4479,,TERM ADAPTERS,1,263.6273,0.73,109
3JJ6U                  ,AL3JJ6U,167.0726,,MULT COUPLER,1,228.8665,0.73,116
3JJ7A2N                ,AL3JJ7A2N,442.8509,,LUG,1,606.6450,0.73,104
3JJ7A4N                ,AL3JJ7A4N,444.6577,,LUG,1,609.1201,0.73,104
3JJ7AR2N               ,AL3JJ7AR2N,365.6271,,LUG,1,500.8590,0.73,105
3JJ7AR4N               ,AL3JJ7AR4N,365.6271,,LUG,1,500.8590,0.73,105
3JJ7L                  ,AL3JJ7L,303.8182,,TERM ADAPTERS,1,416.1893,0.73,109
3JJ7L90,AL3JJ7L90,303.8182,,TERM ADAPTERS,1,416.1893,0.73,109
3JJ7U                  ,AL3JJ7U,254.6342,,MULT COUPLER,1,348.8140,0.73,116
3JJ8A2N,AL3JJ8A2N,584.1478,,LUG,1,800.2025,0.73,104
3JJ8A4N,AL3JJ8A4N,585.9546,,LUG,1,802.6776,0.73,104
3JJ8AR2N,AL3JJ8AR2N,447.8596,,LUG,1,613.5064,0.73,105
3JJ8AR4N,AL3JJ8AR4N,449.7465,,LUG,1,616.0912,0.73,105
3JJ8L,AL3JJ8L,415.9089,,TERM ADAPTERS,1,569.7382,0.73,109
3JJ8L90,AL3JJ8L90,415.9089,,TERM ADAPTERS,1,569.7382,0.73,109
3JJ8U,AL3JJ8U,319.0160,,MULT COUPLER,1,437.0082,0.73,116
3P4A4N                 ,AL3P4A4N,298.6493,,LUG,1,409.1087,0.73,107
3P4A4N90,AL3P4A4N90,389.2757,,LUG,1,533.2543,0.73,107
3P5A4N                 ,AL3P5A4N,382.6202,,LUG,1,524.1372,0.73,107
3P5A4N90               ,AL3P5A4N90,452.3309,,LUG,1,619.6314,0.73,107
3P6A4N                 ,AL3P6A4N,485.2994,,LUG,1,664.7938,0.73,107
3P6A4N90,AL3P6A4N90,572.0149,,LUG,1,783.5820,0.73,107
3P7A4N                 ,AL3P7A4N,594.7257,,LUG,1,814.6927,0.73,107
3P7A4N90,AL3P7A4N90,677.9875,,LUG,1,928.7500,0.73,107
3P8A4N                 ,AL3P8A4N,803.6979,,LUG,1,1100.9561,0.73,107
3P8A4N90,AL3P8A4N90,940.2948,,LUG,1,1288.0751,0.73,107
3X6A4N                 ,AL3X6A4N,442.6908,,LUG,1,606.4258,0.73,110
4J4A2N,--,191.8990,,LUG,1,262.8754,0.73,101
--,AL4J4A2N,191.8990,,LUG,1,262.8754,0.73,101
4J4A4N                 ,--,193.7744,,LUG,1,265.4444,0.73,101
--,AL4J4A4N,193.7744,,LUG,1,265.4444,0.73,101
4J5A2N,AL4J5A2N,299.6672,,LUG,1,410.5030,0.73,101
4J5A4N                 ,AL4J5A4N,301.5540,,LUG,1,413.0876,0.73,101
4J5L                   ,AL4J5L,111.9305,,TERM ADAPTERS,1,153.3295,0.73,108
4J5L90,AL4J5L90,111.9305,,TERM ADAPTERS,1,153.3295,0.73,108
4J6A2N                 ,AL4J6A2N,362.0935,,LUG,1,496.0184,0.73,101
4J6A4N                 ,AL4J6A4N,363.9804,,LUG,1,498.6032,0.73,101
4J6L                   ,AL4J6L,137.5347,,TERM ADAPTERS,1,188.4037,0.73,108
4J6L90,AL4J6L90,137.5347,,TERM ADAPTERS,1,188.4037,0.73,108
4J7A2N                 ,AL4J7A2N,545.3815,,LUG,1,747.0979,0.73,101
4J7A4N                 ,AL4J7A4N,547.1769,,LUG,1,749.5574,0.73,101
4J7L,AL4J7L,216.3366,,TERM ADAPTERS,1,296.3515,0.73,108
4J7L90,AL4J7L90,216.3366,,TERM ADAPTERS,1,296.3515,0.73,108
4J8A2N,AL4J8A2N,725.5249,,LUG,1,993.8698,0.73,101
4J8A4N,AL4J8A4N,725.5249,,LUG,1,993.8698,0.73,101
4J8L                   ,AL4J8L,285.3384,,TERM ADAPTERS,1,390.8746,0.73,108
4J8L90,AL4J8L90,285.3384,,TERM ADAPTERS,1,390.8746,0.73,108
4JJ2U,--,61.9575,,MULT COUPLER,1,84.8732,0.73,116
--,AL4JJ2U,89.9973,,MULT COUPLER,1,123.2840,0.73,116
4JJ3U,--,89.9973,,MULT COUPLER,1,123.2840,0.73,116
4JJ4A2N,--,201.4477,,LUG,1,275.9557,0.73,104
--,AL4JJ4A2N,201.4477,,LUG,1,275.9557,0.73,104
4JJ4A4N                ,--,203.4946,,LUG,1,278.7598,0.73,104
--,AL4JJ4A4N,203.4946,,LUG,1,278.7598,0.73,104
4JJ4U,--,118.5061,,MULT COUPLER,1,162.3371,0.73,116
--,AL4JJ4U,118.5061,,MULT COUPLER,1,162.3371,0.73,116
4JJ5A2N                ,AL4JJ5A2N,314.6362,,LUG,1,431.0084,0.73,104
4JJ5A4N                ,AL4JJ5A4N,316.8204,,LUG,1,434.0005,0.73,104
4JJ5L                  ,AL4JJ5L,198.0056,,TERM ADAPTERS,1,271.2406,0.73,109
4JJ5L90                ,AL4JJ5L90,198.0056,,TERM ADAPTERS,1,271.2406,0.73,109
4JJ5U,AL4JJ5U,181.6413,,MULT COUPLER,1,248.8237,0.73,116
4JJ6A2N,AL4JJ6A2N,373.7691,,LUG,1,512.0125,0.73,104
4JJ6A4N                ,AL4JJ6A4N,382.1513,,LUG,1,523.4950,0.73,104
4JJ6L                  ,AL4JJ6L,243.4387,,TERM ADAPTERS,1,333.4777,0.73,109
4JJ6L90,AL4JJ6L90,243.4387,,TERM ADAPTERS,1,333.4777,0.73,109
4JJ6U,AL4JJ6U,221.8143,,MULT COUPLER,1,303.8552,0.73,116
4JJ7A2N,AL4JJ7A2N,572.3464,,LUG,1,784.0362,0.73,104
4JJ7A4N                ,AL4JJ7A4N,574.5192,,LUG,1,787.0126,0.73,104
4JJ7L,AL4JJ7L,383.8666,,TERM ADAPTERS,1,525.8447,0.73,109
4JJ7L90,AL4JJ7L90,383.8666,,TERM ADAPTERS,1,525.8447,0.73,109
4JJ7U,AL4JJ7U,332.7271,,MULT COUPLER,1,455.7905,0.73,116
4JJ8A2N,AL4JJ8A2N,759.7513,,LUG,1,1040.7552,0.73,104
4JJ8A4N                ,AL4JJ8A4N,761.8669,,LUG,1,1043.6533,0.73,104
4JJ8L,AL4JJ8L,508.7995,,TERM ADAPTERS,1,696.9856,0.73,109
4JJ8L90,AL4JJ8L90,508.7995,,TERM ADAPTERS,1,696.9856,0.73,109
4JJ8U,AL4JJ8U,403.3756,,MULT COUPLER,1,552.5693,0.73,116
4P4A4N,AL4P4A4N,411.2889,,LUG,1,563.4095,0.73,107
4P4A4N90,AL4P4A4N90,498.6218,,LUG,1,683.0436,0.73,107
4P5A4N,AL4P5A4N,523.1396,,LUG,1,716.6296,0.73,107
4P5A4N90,AL4P54N90,634.2010,,LUG,1,868.7686,0.73,107
4P6A4N,AL4P6A4N,618.6945,,LUG,1,847.5268,0.73,107
4P6A4N90,AL4P6A4N90,749.2650,,LUG,1,1026.3904,0.73,107
4P7A4N,AL4P7A4N,810.1933,,LUG,1,1109.8538,0.73,107
4P7A4N90,AL4P7A4N90,981.1768,,LUG,1,1344.0778,0.73,107
4P8A4N,AL4P8A4N,1041.0988,,LUG,1,1426.1627,0.73,107
4P8A4N90,AL4P8A4N90,1259.7110,,LUG,1,1725.6316,0.73,107
4X6A4N                 ,AL4X6A4N,613.9944,,LUG,1,841.0883,0.73,110
5JJ2U,--,75.7944,,MULT COUPLER,1,103.8280,0.73,116
--,AL5JJ2U,111.3017,,MULT COUPLER,1,152.4680,0.73,116
5JJ3U,--,111.3017,,MULT COUPLER,1,152.4680,0.73,116
5JJ4A4N                ,--,238.1899,,LUG,1,326.2876,0.73,104
--,AL5JJ4A4N,238.1899,,LUG,1,326.2876,0.73,104
5JJ4U,--,154.8481,,MULT COUPLER,1,212.1206,0.73,116
--,AL5JJ4U,154.8481,,MULT COUPLER,1,212.1206,0.73,116
5JJ5A4N,AL5JJ5A4N,364.6778,,LUG,1,499.5587,0.73,104
5JJ5U,AL5JJ5U,240.4541,,MULT COUPLER,1,329.3892,0.73,116
5JJ6A4N                ,AL5JJ6A4N,495.0196,,LUG,1,678.1091,0.73,104
5JJ6U                  ,AL5JJ6U,277.4251,,MULT COUPLER,1,380.0344,0.73,116
5JJ7A4N                ,AL5JJ7A4N,590.0257,,LUG,1,808.2544,0.73,104
5JJ7U,AL5JJ7U,421.4667,,MULT COUPLER,1,577.3517,0.73,116
5JJ8A4N                ,AL5JJ8A4N,786.0758,,LUG,1,1076.8162,0.73,104
5JJ8U,AL5JJ8U,531.3616,,MULT COUPLER,1,727.8926,0.73,116
F2NSP0,ALF2NSP0,147.1748,,STUD SPADE,1,201.6094,0.73,122
F2NSP1                 ,ALF2NSP1,158.9991,,STUD SPADE,1,217.8070,0.73,122
F2NSP2                 ,ALF2NSP2,164.8770,,STUD SPADE,1,225.8588,0.73,122
F2NSP3                 ,ALF2NSP3,186.9589,,STUD SPADE,1,256.1081,0.73,122
F2NSP4                 ,ALF2NSP4,245.7831,,STUD SPADE,1,336.6892,0.73,122
F2NSP5                 ,ALF2NSP5,251.5008,,STUD SPADE,1,344.5217,0.73,122
F4NSP0                 ,ALF4NSP0,158.1415,,STUD SPADE,1,216.6322,0.73,122
F4NSP1                 ,ALF4NSP1,167.7701,,STUD SPADE,1,229.8221,0.73,122
F4NSP2                 ,ALF4NSP2,175.5234,,STUD SPADE,1,240.4430,0.73,122
F4NSP3                 ,ALF4NSP3,198.7946,,STUD SPADE,1,272.3214,0.73,122
F4NSP4                 ,ALF4NSP4,263.8741,,STUD SPADE,1,361.4713,0.73,122
F4NSP5                 ,ALF4NSP5,266.5384,,STUD SPADE,1,365.1211,0.73,122
H33                    ,ALH33,81.6951,,BAR CLAMPS,1,111.9112,0.73,115
H44                    ,ALH44,115.1325,,BAR CLAMPS,1,157.7158,0.73,115
H54                    ,ALH54,270.6095,,BAR CLAMPS,1,370.6980,0.73,115
H55,ALH55,304.9960,,BAR CLAMPS,1,417.8028,0.73,115
H64                    ,ALH64,404.5534,,BAR CLAMPS,1,554.1828,0.73,115
H65                    ,ALH65,488.7530,,BAR CLAMPS,1,669.5246,0.73,115
H66,ALH66,526.8103,,BAR CLAMPS,1,721.6579,0.73,115
H84,ALH84,453.4268,,BAR CLAMPS,1,621.1326,0.73,115
H85,ALH85,535.1240,,BAR CLAMPS,1,733.0465,0.73,115
H86,ALH86,588.2990,,BAR CLAMPS,1,805.8890,0.73,115
H88,ALH88,659.3477,,BAR CLAMPS,1,903.2160,0.73,115
HJJ433                 ,ALHJJ433,137.5347,,BAR TAPS,1,188.4037,0.73,115
HJJ444                 ,ALHJJ444,165.0370,,BAR TAPS,1,226.0781,0.73,115
HJJ533,ALHJJ533,168.3991,,BAR TAPS,1,230.6837,0.73,115
HJJ544,ALHJJ544,204.8212,,BAR TAPS,1,280.5769,0.73,115
HJJ633                 ,ALHJJ633,178.1879,,BAR TAPS,1,244.0930,0.73,115
HJJ644                 ,ALHJJ644,214.4498,,BAR TAPS,1,293.7668,0.73,115
HJJ733,ALHJJ733,237.8697,,BAR TAPS,1,325.8490,0.73,115
HJJ744,ALHJJ744,275.5497,,BAR TAPS,1,377.4653,0.73,115
HJJ833,ALHJJ833,252.5986,,BAR TAPS,1,346.0255,0.73,115
HJJ844,ALHJJ844,290.5873,,BAR TAPS,1,398.0648,0.73,115
HP433,ALHP433,169.3368,,BAR TAPS,1,231.9682,0.73,115
HP444,ALHP444,197.0679,,BAR TAPS,1,269.9561,0.73,115
HP533,ALHP533,192.9968,,BAR TAPS,1,264.3792,0.73,115
HP544,ALHP544,220.0991,,BAR TAPS,1,301.5056,0.73,115
HP633,ALHP633,207.4856,,BAR TAPS,1,284.2268,0.73,115
HP644,ALHP644,235.1366,,BAR TAPS,1,322.1050,0.73,115
HP733,ALHP733,242.2610,,BAR TAPS,1,331.8643,0.73,115
HP744,ALHP744,269.9920,,BAR TAPS,1,369.8520,0.73,115
HP833,ALHP833,288.2317,,BAR TAPS,1,394.8379,0.73,115
HP844,ALHP844,315.8827,,BAR TAPS,1,432.7160,0.73,115
J0A,--,6.8155,,LUG,1,9.3364,0.73,100
J1A                    ,--,7.2043,,LUG,1,9.8689,0.73,100
J2A                    ,--,11.3555,,LUG,1,15.5555,0.73,100
--,ALJ2A,17.4620,,LUG,1,23.9206,0.73,100
J2A2N                  ,--,14.9576,,LUG,1,20.4899,0.73,100
--,ALJ2A2N,20.9156,,LUG,1,28.6514,0.73,100
J2AR                   ,--,15.8267,,LUG,1,21.6804,0.73,102
--,ALJ2AR,15.8267,,LUG,1,21.6804,0.73,102
--,ALJ2AR2N,19.8177,,LUG,1,27.1476,0.73,102
J3A                    ,--,17.4620,,LUG,1,23.9206,0.73,100
J3A2N                  ,--,20.9156,,LUG,1,28.6514,0.73,100
J3AR                   ,--,22.5623,,LUG,1,30.9072,0.73,102
J4A                    ,--,24.5177,,LUG,1,33.5858,0.73,100
--,ALJ4A,24.5177,,LUG,1,33.5858,0.73,100
J4A2N                  ,--,29.2178,,LUG,1,40.0243,0.73,100
--,ALJ4A2N,29.2178,,LUG,1,40.0243,0.73,100
J4AR                   ,--,28.8975,,LUG,1,39.5856,0.73,102
--,ALJ4AR,28.8975,,LUG,1,39.5856,0.73,102
J4AR2N                 ,--,33.6204,,LUG,1,46.0553,0.73,102
--,ALJ4AR2N,33.6204,,LUG,1,46.0553,0.73,102
J5A                    ,ALJ5A,33.5288,,LUG,1,45.9299,0.73,100
J5A2N                  ,ALJ5A2N,40.2644,,LUG,1,55.1567,0.73,100
J5A4N                  ,ALJ5A4N,50.9566,,LUG,1,69.8035,0.73,100
J5AR                   ,ALJ5AR,44.6441,,LUG,1,61.1563,0.73,102
J5AR2N,ALJ5AR2N,52.8663,,LUG,1,72.4196,0.73,102
J5AR4N,ALJ5AR4N,53.4152,,LUG,1,73.1716,0.73,102
J5L                    ,ALJ5L,49.6529,,TERM ADAPTERS,1,68.0177,0.73,108
J5L90,ALJ5L90,49.6529,,TERM ADAPTERS,1,68.0177,0.73,108
J6A                    ,ALJ6A,45.0330,,LUG,1,61.6890,0.73,100
J6A2N                  ,ALJ6A2N,55.3798,,LUG,1,75.8627,0.73,100
J6A4N                  ,ALJ6A4N,81.2263,,LUG,1,111.2689,0.73,100
J6AR                   ,ALJ6AR,54.9018,,LUG,1,75.2080,0.73,102
J6AR2N                 ,ALJ6AR2N,63.5242,,LUG,1,87.0194,0.73,102
J6AR4N,ALJ6AR4N,85.2973,,LUG,1,116.8457,0.73,102
J6L                    ,ALJ6L,60.0021,,TERM ADAPTERS,1,82.1946,0.73,108
J6L90,ALJ6L90,60.0021,,TERM ADAPTERS,1,82.1946,0.73,108
J7A                    ,ALJ7A,80.2086,,LUG,1,109.8748,0.73,100
J7A2N                  ,ALJ7A2N,87.0443,,LUG,1,119.2387,0.73,100
J7A4N,ALJ7A4N,106.1328,,LUG,1,145.3874,0.73,100
J7AR                   ,ALJ7AR,92.2615,,LUG,1,126.3857,0.73,102
J7AR2N                 ,ALJ7AR2N,106.1328,,LUG,1,145.3874,0.73,102
J7AR4N,ALJ7AR4N,111.4618,,LUG,1,152.6874,0.73,102
J7L                    ,ALJ7L,84.9086,,TERM ADAPTERS,1,116.3131,0.73,108
J7L90                  ,ALJ7L90,84.9086,,TERM ADAPTERS,1,116.3131,0.73,108
J8A,ALJ8A,96.1840,,LUG,1,131.7589,0.73,100
J8A2N                  ,ALJ8A2N,110.2838,,LUG,1,151.0738,0.73,100
J8A4N,ALJ8A4N,129.5528,,LUG,1,177.4696,0.73,100
J8AR,ALJ8AR,111.9305,,LUG,1,153.3295,0.73,102
J8AR2N                 ,ALJ8AR2N,124.6126,,LUG,1,170.7022,0.73,102
J8AR4N,ALJ8AR4N,139.5016,,LUG,1,191.0981,0.73,102
J8L,ALJ8L,128.7637,,TERM ADAPTERS,1,176.3886,0.73,108
J8L90,ALJ8L90,128.7637,,TERM ADAPTERS,1,176.3886,0.73,108
JJ2A                   ,--,17.3934,,LUG,1,23.8266,0.73,103
--,ALJJ2A,17.3934,,LUG,1,23.8266,0.73,103
JJ2A2N                 ,--,25.8442,,LUG,1,35.4030,0.73,103
--,ALJJ2A2N,34.3866,,LUG,1,47.1049,0.73,103
JJ2AR,--,22.2421,,LUG,1,30.4686,0.73,102
--,ALJJ2AR,22.2421,,LUG,1,30.4686,0.73,102
--,ALJJ2AR2N,34.4666,,LUG,1,47.2145,0.73,102
JJ3A                   ,--,26.7819,,LUG,1,36.6876,0.73,103
JJ3A2N                 ,--,34.4666,,LUG,1,47.2145,0.73,103
JJ3AR,--,35.2442,,LUG,1,48.2797,0.73,102
JJ3AR2N,--,45.5019,,LUG,1,62.3314,0.73,102
JJ4A                   ,--,36.9710,,LUG,1,50.6452,0.73,103
--,ALJJ4A,36.9710,,LUG,1,50.6452,0.73,103
JJ4A2N                 ,--,42.6887,,LUG,1,58.4777,0.73,103
--,ALJJ4A2N,42.6887,,LUG,1,58.4777,0.73,103
JJ4AR,--,47.6173,,LUG,1,65.2292,0.73,102
--,ALJJ4AR,47.6173,,LUG,1,65.2292,0.73,102
JJ4AR2,--,51.1510,,LUG,1,70.0699,0.73,102
JJ4AR2N,--,55.3021,,LUG,1,75.7562,0.73,102
--,ALJJ4AR2N,55.3021,,LUG,1,75.7562,0.73,102
JJ5A                   ,ALJJ5A,58.5841,,LUG,1,80.2522,0.73,103
JJ5A2N                 ,ALJJ5A2N,67.9841,,LUG,1,93.1289,0.73,103
JJ5A4N                 ,ALJJ5A4N,94.3772,,LUG,1,129.2838,0.73,103
JJ5AR,ALJJ5AR,75.4285,,LUG,1,103.3267,0.73,102
JJ5AR2N,ALJJ5AR2N,88.3506,,LUG,1,121.0282,0.73,102
JJ5AR4N,ALJJ5AR4N,106.4415,,LUG,1,145.8103,0.73,102
JJ5L                   ,ALJJ5L,66.8862,,TERM ADAPTERS,1,91.6249,0.73,109
JJ5L90                 ,ALJJ5L90,66.8862,,TERM ADAPTERS,1,91.6249,0.73,109
JJ6A                   ,ALJJ6A,73.3130,,LUG,1,100.4287,0.73,103
JJ6A2N                 ,ALJJ6A2N,84.6283,,LUG,1,115.9291,0.73,103
JJ6A4N                 ,ALJJ6A4N,109.7349,,LUG,1,150.3218,0.73,103
JJ6AR,ALJJ6AR,96.1039,,LUG,1,131.6491,0.73,102
JJ6AR2N,ALJJ6AR2N,106.6017,,LUG,1,146.0297,0.73,102
JJ6AR4N                ,ALJJ6AR4N,136.5169,,LUG,1,187.0094,0.73,102
JJ6L                   ,ALJJ6L,83.1017,,TERM ADAPTERS,1,113.8380,0.73,109
JJ6L90                 ,ALJJ6L90,83.1017,,TERM ADAPTERS,1,113.8380,0.73,109
JJ7A                   ,ALJJ7A,124.2238,,LUG,1,170.1696,0.73,103
JJ7A2N                 ,ALJJ7A2N,135.6593,,LUG,1,185.8346,0.73,103
JJ7A4N                 ,ALJJ7A4N,147.8838,,LUG,1,202.5805,0.73,103
JJ7AR,ALJJ7AR,154.6879,,LUG,1,211.9013,0.73,102
JJ7AR2N,ALJJ7AR2N,160.4057,,LUG,1,219.7338,0.73,102
JJ7AR4N,ALJJ7AR4N,189.2039,,LUG,1,259.1834,0.73,102
JJ7L                   ,ALJJ7L,132.6060,,TERM ADAPTERS,1,181.6520,0.73,109
JJ7L90,ALJJ7L90,132.6060,,TERM ADAPTERS,1,181.6520,0.73,109
JJ8A,ALJJ8A,150.5368,,LUG,1,206.2148,0.73,103
JJ8A2N                 ,ALJJ8A2N,165.7346,,LUG,1,227.0338,0.73,103
JJ8A4N                 ,ALJJ8A4N,175.5234,,LUG,1,240.4430,0.73,103
JJ8AR,ALJJ8AR,188.9945,,LUG,1,258.8965,0.73,102
JJ8AR2N                ,ALJJ8AR2N,208.8121,,LUG,1,286.0440,0.73,102
JJ8AR4N                ,ALJJ8AR4N,230.9055,,LUG,1,316.3088,0.73,102
JJ8L                   ,ALJJ8L,189.9435,,TERM ADAPTERS,1,260.1966,0.73,109
JJ8L90,ALJJ8L90,189.9435,,TERM ADAPTERS,1,260.1966,0.73,109
LF33074N               ,ALLF33074N,121.3306,,SPADE ADAPTER,1,166.2062,0.73,111
LF33104N               ,ALLF33104N,122.3484,,SPADE ADAPTER,1,167.6005,0.73,111
LF33134N               ,ALLF33134N,163.7792,,SPADE ADAPTER,1,224.3550,0.73,111
LF33154N               ,ALLF33154N,187.2791,,SPADE ADAPTER,1,256.5467,0.73,111
LF33184N,ALLF33184N,227.6120,,SPADE ADAPTER,1,311.7973,0.73,111
LF35076N,ALLF35076N,143.2525,,SPADE ADAPTER,1,196.2362,0.73,111
LF35106N               ,ALLF35106N,151.8748,,SPADE ADAPTER,1,208.0477,0.73,111
LF35136N,ALLF35136N,193.7744,,SPADE ADAPTER,1,265.4444,0.73,111
LF35156N               ,ALLF35156N,219.3900,,SPADE ADAPTER,1,300.5342,0.73,111
LF35186N,ALLF35186N,262.4675,,SPADE ADAPTER,1,359.5445,0.73,111
P22K,ALP22K,86.9441,,COUPLER,1,119.1014,0.73,116
P22T,ALP22T,88.8995,,TEE,1,121.7802,0.73,111
P2A2N                  ,ALP2A2N,69.1619,,LUG,1,94.7423,0.73,106
P2A4N                  ,ALP2A4N,73.0042,,LUG,1,100.0057,0.73,106
P2SP1,ALP2SP1,114.5150,,STUD CONNECTOR,1,156.8699,0.73,120
P2SP2,ALP2SP2,135.8994,,STUD CONNECTOR,1,186.1636,0.73,120
P2SP3,ALP2SP3,135.8994,,STUD CONNECTOR,1,186.1636,0.73,120
P2SP4,ALP2SP4,159.7081,,STUD CONNECTOR,1,218.7782,0.73,120
P2SP5,ALP2SP5,159.6083,,STUD CONNECTOR,1,218.6416,0.73,120
P42K                   ,ALP42K,88.1905,,COUPLER,1,120.8089,0.73,116
P42T                   ,ALP42T,95.0061,,TEE,1,130.1453,0.73,111
P44K,ALP44K,106.9904,,COUPLER,1,146.5622,0.73,116
P44T                   ,ALP44T,98.7684,,TEE,1,135.2992,0.73,111
P4A2N                  ,ALP4A2N,93.1306,,LUG,1,127.5762,0.73,106
P4A4N                  ,ALP4A4N,95.5550,,LUG,1,130.8972,0.73,106
P4SP1,ALP4SP1,117.7264,,STUD CONNECTOR,1,161.2691,0.73,120
P4SP2,ALP4SP2,138.4838,,STUD CONNECTOR,1,189.7038,0.73,120
P4SP3,ALP4SP3,138.4838,,STUD CONNECTOR,1,189.7038,0.73,120
P4SP4,ALP4SP4,161.6636,,STUD CONNECTOR,1,221.4570,0.73,120
P4SP5                  ,ALP4SP5,161.6636,,STUD CONNECTOR,1,221.4570,0.73,120
P4ST6,ALP4ST6,207.0966,,STUD CONNECTOR,1,283.6940,0.73,120
P4ST7,ALP4ST7,261.9185,,STUD CONNECTOR,1,358.7924,0.73,120
P4ST8,ALP4ST8,296.1450,,STUD CONNECTOR,1,405.6781,0.73,120
P52K,ALP52K,125.0814,,COUPLER,1,171.3444,0.73,116
P52T,ALP52T,125.4016,,TEE,1,171.7830,0.73,111
P54K,ALP54K,128.8437,,COUPLER,1,176.4983,0.73,116
P54T                   ,ALP54T,127.9861,,TEE,1,175.3234,0.73,111
P55K                   ,ALP55K,140.3592,,COUPLER,1,192.2729,0.73,116
P55T                   ,ALP55T,137.9349,,TEE,1,188.9519,0.73,111
P5A2N                  ,ALP5A2N,117.0194,,LUG,1,160.3006,0.73,106
P5A4N                  ,ALP5A4N,118.4260,,LUG,1,162.2274,0.73,106
P5SP1,ALP5SP1,128.3748,,STUD CONNECTOR,1,175.8559,0.73,120
P5SP2,ALP5SP2,163.4704,,STUD CONNECTOR,1,223.9321,0.73,120
P5SP3,ALP5SP3,167.6901,,STUD CONNECTOR,1,229.7124,0.73,120
P5SP4,ALP5SP4,176.1523,,STUD CONNECTOR,1,241.3045,0.73,120
P5SP5,ALP5SP5,177.0901,,STUD CONNECTOR,1,242.5891,0.73,120
P5ST6,ALP5ST6,228.4697,,STUD CONNECTOR,1,312.9722,0.73,120
P5ST7,ALP5ST7,296.1450,,STUD CONNECTOR,1,405.6781,0.73,120
P5ST8,ALP5ST8,318.8672,,STUD CONNECTOR,1,436.8044,0.73,120
P62K,ALP62K,132.5169,,COUPLER,1,181.5300,0.73,116
P62T                   ,ALP62T,129.0038,,TEE,1,176.7175,0.73,111
P64K,ALP64K,139.2614,,COUPLER,1,190.7690,0.73,116
P64T                   ,ALP64T,132.4459,,TEE,1,181.4327,0.73,111
P65K                   ,ALP65K,145.6882,,COUPLER,1,199.5728,0.73,116
P65T                   ,ALP65T,142.8637,,TEE,1,195.7037,0.73,111
P66K                   ,ALP66K,159.2393,,COUPLER,1,218.1360,0.73,116
P66T                   ,ALP66T,154.8481,,TEE,1,212.1206,0.73,111
P6A2N                  ,ALP6A2N,141.7659,,LUG,1,194.1998,0.73,106
P6A4N                  ,ALP6A4N,143.4126,,LUG,1,196.4556,0.73,106
P6SP1                  ,ALP6SP1,154.1390,,STUD CONNECTOR,1,211.1494,0.73,120
P6SP2,ALP6SP2,179.7546,,STUD CONNECTOR,1,246.2392,0.73,120
P6SP3                  ,ALP6SP3,179.7546,,STUD CONNECTOR,1,246.2392,0.73,120
P6SP4,ALP6SP4,183.9056,,STUD CONNECTOR,1,251.9255,0.73,120
P6SP5,ALP6SP5,187.5878,,STUD CONNECTOR,1,256.9696,0.73,120
P6ST6,ALP6ST6,260.1918,,STUD CONNECTOR,1,356.4271,0.73,120
P6ST7,ALP6ST7,349.0933,,STUD CONNECTOR,1,478.2100,0.73,120
P6ST8                  ,ALP6ST8,327.7130,,STUD CONNECTOR,1,448.9219,0.73,120
P72K                   ,ALP72K,134.6415,,COUPLER,1,184.4404,0.73,116
P72T                   ,ALP72T,135.5792,,TEE,1,185.7250,0.73,111
P74K                   ,ALP74K,138.2438,,COUPLER,1,189.3750,0.73,116
P74T                   ,ALP74T,145.7682,,TEE,1,199.6825,0.73,111
P75K,ALP75K,150.6169,,COUPLER,1,206.3245,0.73,116
P75T,ALP75T,153.9103,,TEE,1,210.8360,0.73,111
P76K,ALP76K,165.1857,,COUPLER,1,226.2818,0.73,116
P76T,ALP76T,173.3392,,TEE,1,237.4510,0.73,111
P77K,ALP77K,183.1280,,COUPLER,1,250.8602,0.73,116
P77T,ALP77T,195.9700,,TEE,1,268.4521,0.73,111
P7A2N                  ,ALP7A2N,184.9234,,LUG,1,253.3198,0.73,106
P7A4N                  ,ALP7A4N,187.1990,,LUG,1,256.4370,0.73,106
P7SP2,ALP7SP2,251.2721,,STUD CONNECTOR,1,344.2084,0.73,120
P7SP3,ALP7SP3,251.2721,,STUD CONNECTOR,1,344.2084,0.73,120
P7SP4,ALP7SP4,263.0164,,STUD CONNECTOR,1,360.2964,0.73,120
P7SP5,ALP7SP5,268.4254,,STUD CONNECTOR,1,367.7060,0.73,120
P7ST6                  ,ALP7ST6,291.5251,,STUD CONNECTOR,1,399.3494,0.73,120
P7ST7,ALP7ST7,327.7183,,STUD CONNECTOR,1,448.9292,0.73,120
P7ST8,ALP7ST8,343.6137,,STUD CONNECTOR,1,470.7037,0.73,120
P82K,ALP82K,142.8637,,COUPLER,1,195.7037,0.73,116
P82T                   ,ALP82T,150.9371,,TEE,1,206.7631,0.73,111
P84K,ALP84K,155.0882,,COUPLER,1,212.4496,0.73,116
P84T                   ,ALP84T,158.4502,,TEE,1,217.0550,0.73,111
P85K,ALP85K,166.6723,,COUPLER,1,228.3182,0.73,116
P85T,ALP85T,174.0368,,TEE,1,238.4066,0.73,111
P86K,ALP86K,186.2613,,COUPLER,1,255.1525,0.73,116
P86T                   ,ALP86T,198.1657,,TEE,1,271.4598,0.73,111
P87K,ALP87K,215.0788,,COUPLER,1,294.6284,0.73,116
P87T                   ,ALP87T,237.8697,,TEE,1,325.8490,0.73,111
P88K                   ,ALP88K,242.3409,,COUPLER,1,331.9739,0.73,116
P88T                   ,ALP88T,245.4743,,TEE,1,336.2662,0.73,111
P8A2N                  ,ALP8A2N,240.3055,,LUG,1,329.1856,0.73,106
P8A4N                  ,ALP8A4N,246.0232,,LUG,1,337.0181,0.73,106
P8SP5,ALP8SP5,298.7294,,STUD CONNECTOR,1,409.2184,0.73,120
P8ST6,ALP8ST6,318.8672,,STUD CONNECTOR,1,436.8044,0.73,120
P8ST7,ALP8ST7,343.6137,,STUD CONNECTOR,1,470.7037,0.73,120
P8ST8,ALP8ST8,361.0757,,STUD CONNECTOR,1,494.6243,0.73,120
T00K,ALT00K,86.0750,,COUPLER,1,117.9109,0.73,118
T00K90,ALT00K90,109.6842,,ELBOW,1,150.2524,0.73,118
T00K90-6,ALT00K90-6,89.2083,,ELBOW,1,122.2032,0.73,118
T00T,ALT00T,81.7752,,TEE,1,112.0208,0.73,114
T00T-6                 ,ALT00T-6,59.6819,,TEE,1,81.7560,0.73,114
T0A2N,ALT0A2N,73.5531,,LUG,1,100.7576,0.73,110
T0A2N-6,ALT0A2N-6,62.6551,,LUG,1,85.8289,0.73,110
T0A4N                  ,ALT0A4N,76.6064,,LUG,1,104.9402,0.73,110
T0A4N-6                ,ALT0A4N-6,66.0285,,LUG,1,90.4500,0.73,110
T0JJ2T,ALT0JJ2T,52.7176,,TEE,1,72.2159,0.73,112
T0JJ3T,--,54.9018,,TEE,1,75.2080,0.73,112
T0JJ4T,ALT0JJ4T,62.2663,,TEE,1,85.2962,0.73,112
T0JJ5T,ALT0JJ5T,70.0196,,TEE,1,95.9172,0.73,112
T0P2K                  ,ALT0P2K,100.2550,,COUPLER,1,137.3357,0.73,117
T0P2T,ALT0P2T,100.1749,,TEE,1,137.2259,0.73,113
T0P4K,ALT0P4K,101.6616,,COUPLER,1,139.2624,0.73,117
T0P4T,ALT0P4T,101.6616,,TEE,1,139.2624,0.73,113
T0SP1,ALT0SP1,112.4795,,STUD CONNECTOR,1,154.0816,0.73,121
T10K,ALT10K,94.1485,,COUPLER,1,128.9705,0.73,118
T10T,ALT10T,87.0927,,TEE,1,119.3051,0.73,114
T11K                   ,ALT11K,103.6970,,COUPLER,1,142.0507,0.73,118
T11K90,ALT11K90,130.7306,,ELBOW,1,179.0830,0.73,118
T11K90-6,ALT11K90-6,98.7684,,ELBOW,1,135.2992,0.73,118
T11T,ALT11T,93.3593,,TEE,1,127.8895,0.73,114
T11T-6                 ,ALT11T-6,76.3662,,TEE,1,104.6112,0.73,114
T1A2N                  ,ALT1A2N,88.3506,,LUG,1,121.0282,0.73,110
T1A2N-6                ,ALT1A2N-6,77.3840,,LUG,1,106.0055,0.73,110
T1A4N                  ,ALT1A4N,91.0952,,LUG,1,124.7879,0.73,110
T1A4N-6,ALT1A4N-6,79.8883,,LUG,1,109.4360,0.73,110
T1JJ2T,ALT1JJ2T,54.5930,,TEE,1,74.7850,0.73,112
T1JJ3T                 ,--,61.0884,,TEE,1,83.6827,0.73,112
T1JJ4T,ALT1JJ4T,68.3729,,TEE,1,93.6614,0.73,112
T1JJ5T                 ,ALT1JJ5T,77.4640,,TEE,1,106.1150,0.73,112
T1JJ6T,ALT1JJ6T,86.9441,,TEE,1,119.1014,0.73,112
T1JJ7T,ALT1JJ7T,99.0085,,TEE,1,135.6281,0.73,112
T1P2K                  ,ALT1P2K,110.9129,,COUPLER,1,151.9355,0.73,117
T1P2T                  ,ALT1P2T,109.4949,,TEE,1,149.9930,0.73,113
T1P4K                  ,ALT1P4K,112.3995,,COUPLER,1,153.9719,0.73,117
T1P4T                  ,ALT1P4T,111.3017,,TEE,1,152.4680,0.73,113
T1P5K,ALT1P5K,118.1973,,COUPLER,1,161.9141,0.73,117
T1P5T,ALT1P5T,118.2659,,TEE,1,162.0080,0.73,113
T1SP1,ALT1SP1,112.4795,,STUD CONNECTOR,1,154.0816,0.73,121
T1SP2,ALT1SP2,123.3661,,STUD CONNECTOR,1,168.9947,0.73,121
T1SP3,ALT1SP3,134.4014,,STUD CONNECTOR,1,184.1114,0.73,121
T1SP4,ALT1SP4,142.8637,,STUD CONNECTOR,1,195.7037,0.73,121
T1SP5,ALT1SP5,156.1059,,STUD CONNECTOR,1,213.8437,0.73,121
T20K,ALT20K,113.8861,,COUPLER,1,156.0084,0.73,118
T20T,ALT20T,101.5929,,TEE,1,139.1683,0.73,114
T21K                   ,ALT21K,120.3128,,COUPLER,1,164.8121,0.73,118
T21T,ALT21T,106.6017,,TEE,1,146.0297,0.73,114
T22K                   ,ALT22K,133.0748,,COUPLER,1,182.2943,0.73,118
T22K90,ALT22K90,161.0346,,ELBOW,1,220.5954,0.73,118
T22K90-6,ALT22K90-6,132.6861,,ELBOW,1,181.7617,0.73,118
T22T,ALT22T,116.1617,,TEE,1,159.1256,0.73,114
T2A2N                  ,ALT2A2N,109.7349,,LUG,1,150.3218,0.73,110
T2A2N-6,ALT2A2N-6,96.0239,,LUG,1,131.5396,0.73,110
T2A4N                  ,ALT2A4N,111.0615,,LUG,1,152.1390,0.73,110
T2A4N-6                ,ALT2A4N-6,97.9793,,LUG,1,134.2182,0.73,110
T2JJ3T                 ,--,69.9395,,TEE,1,95.8075,0.73,112
T2JJ4T                 ,ALT2JJ4T,77.1553,,TEE,1,105.6922,0.73,112
T2JJ5T                 ,ALT2JJ5T,86.7840,,TEE,1,118.8822,0.73,112
T2JJ6T,ALT2JJ6T,100.0263,,TEE,1,137.0224,0.73,112
T2JJ7T                 ,ALT2JJ7T,116.8594,,TEE,1,160.0813,0.73,112
T2JJ8T,ALT2JJ8T,132.8347,,TEE,1,181.9654,0.73,112
T2P2K                  ,ALT2P2K,118.5110,,COUPLER,1,162.3438,0.73,117
T2P2T                  ,ALT2P2T,115.6814,,TEE,1,158.4677,0.73,113
T2P4K                  ,ALT2P4K,120.1529,,COUPLER,1,164.5930,0.73,117
T2P4T                  ,ALT2P4T,117.4083,,TEE,1,160.8332,0.73,113
T2P5K,ALT2P5K,132.1372,,COUPLER,1,181.0098,0.73,117
T2P5T                  ,ALT2P5T,130.1017,,TEE,1,178.2215,0.73,113
T2P6K,ALT2P6K,133.6238,,COUPLER,1,183.0463,0.73,117
T2SP1,ALT2SP1,118.4260,,STUD CONNECTOR,1,162.2274,0.73,121
T2SP2,ALT2SP2,137.3060,,STUD CONNECTOR,1,188.0904,0.73,121
T2SP3                  ,ALT2SP3,159.1592,,STUD CONNECTOR,1,218.0263,0.73,121
T2SP4,ALT2SP4,146.9347,,STUD CONNECTOR,1,201.2804,0.73,121
T2SP5,ALT2SP5,160.0969,,STUD CONNECTOR,1,219.3108,0.73,121
T31K,ALT31K,146.7060,,COUPLER,1,200.9671,0.73,118
T31T,ALT31T,125.6303,,TEE,1,172.0963,0.73,114
T32K,ALT32K,147.4035,,COUPLER,1,201.9226,0.73,118
T32T,ALT32T,129.7814,,TEE,1,177.7828,0.73,114
T33K                   ,ALT33K,159.3193,,COUPLER,1,218.2456,0.73,118
T33K90                 ,ALT33K90,198.0856,,ELBOW,1,271.3501,0.73,118
T33T                   ,ALT33T,141.2036,,TEE,1,193.4296,0.73,114
T3A2N                  ,ALT3A2N,111.2216,,LUG,1,152.3584,0.73,110
T3A4N                  ,ALT3A4N,133.3149,,LUG,1,182.6232,0.73,110
T3JJ4T,ALT3JJ4T,96.9615,,TEE,1,132.8240,0.73,112
T3JJ5T,ALT3JJ5T,106.6817,,TEE,1,146.1394,0.73,112
T3JJ6T,ALT3JJ6T,114.5150,,TEE,1,156.8699,0.73,112
T3JJ7T,ALT3JJ7T,134.1727,,TEE,1,183.7982,0.73,112
T3JJ8T,ALT3JJ8T,151.0857,,TEE,1,206.9668,0.73,112
T3P2K,ALT3P2K,127.1970,,COUPLER,1,174.2425,0.73,117
T3P4K                  ,ALT3P4K,128.4549,,COUPLER,1,175.9656,0.73,117
T3P4T                  ,ALT3P4T,123.4462,,TEE,1,169.1044,0.73,113
T3P5K                  ,ALT3P5K,136.9858,,COUPLER,1,187.6518,0.73,117
T3P5T                  ,ALT3P5T,132.6060,,TEE,1,181.6520,0.73,113
T3P6K,ALT3P6K,155.2368,,COUPLER,1,212.6532,0.73,117
T3P6T                  ,AL3P6T,155.2368,,TEE,1,212.6532,0.73,113
T3P7K,ALT3P7K,179.5259,,COUPLER,1,245.9258,0.73,117
T3SP2,ALT3SP2,160.8745,,STUD CONNECTOR,1,220.3760,0.73,121
T3SP3                  ,ALT3SP3,169.4169,,STUD CONNECTOR,1,232.0780,0.73,121
T3SP4                  ,ALT3SP4,182.2589,,STUD CONNECTOR,1,249.6697,0.73,121
T3SP5,ALT3SP5,192.0591,,STUD CONNECTOR,1,263.0947,0.73,121
T3ST6,ALT3ST6,260.4319,,STUD CONNECTOR,1,356.7560,0.73,121
T3ST8,ALT3ST8,313.5384,,STUD CONNECTOR,1,429.5046,0.73,121
T41K,ALT41K,148.9016,,COUPLER,1,203.9748,0.73,118
T41T,ALT41T,127.9060,,TEE,1,175.2137,0.73,114
T42K,ALT42K,163.3903,,COUPLER,1,223.8223,0.73,118
T42T                   ,ALT42T,141.2170,,TEE,1,193.4479,0.73,114
T43K,ALT43K,176.1523,,COUPLER,1,241.3045,0.73,118
T43T,ALT43T,158.2215,,TEE,1,216.7417,0.73,114
T44K                   ,ALT44K,192.6766,,COUPLER,1,263.9406,0.73,118
T44K90,ALT44K90,242.8898,,ELBOW,1,332.7258,0.73,118
T44T                   ,ALT44T,175.2947,,TEE,1,240.1297,0.73,114
T4A2N                  ,ALT4A2N,177.5590,,LUG,1,243.2315,0.73,110
T4A4N                  ,ALT4A4N,179.2057,,LUG,1,245.4872,0.73,110
T4JJ4T,ALT4JJ4T,110.2838,,TEE,1,151.0738,0.73,112
T4JJ5T,ALT4JJ5T,116.6992,,TEE,1,159.8620,0.73,112
T4JJ6T,ALT4JJ6T,122.1882,,TEE,1,167.3812,0.73,112
T4JJ7T,ALT4JJ7T,147.0147,,TEE,1,201.3900,0.73,112
T4JJ8T,ALT4JJ8T,169.1080,,TEE,1,231.6548,0.73,112
T4P2K                  ,ALT4P2K,129.0038,,COUPLER,1,176.7175,0.73,117
T4P4K                  ,ALT4P4K,131.9770,,COUPLER,1,180.7904,0.73,117
T4P4T                  ,ALT4P4T,134.0126,,TEE,1,183.5789,0.73,113
T4P5K,ALT4P5K,150.8570,,COUPLER,1,206.6534,0.73,117
T4P5T                  ,ALT4P5T,146.9347,,TEE,1,201.2804,0.73,113
T4P6K,ALT4P6K,175.2146,,COUPLER,1,240.0200,0.73,117
T4P6T,ALT4P6T,172.5502,,TEE,1,236.3701,0.73,113
T4P7K,ALT4P7K,196.7477,,COUPLER,1,269.5174,0.73,117
T4P8K,ALT4P8K,232.1520,,COUPLER,1,318.0164,0.73,117
T4SP2,ALT4SP2,172.4701,,STUD CONNECTOR,1,236.2604,0.73,121
T4SP3,ALT4SP3,196.2102,,STUD CONNECTOR,1,268.7810,0.73,121
T4SP4,ALT4SP4,206.8567,,STUD CONNECTOR,1,283.3654,0.73,121
T4SP5,ALT4SP5,262.3874,,STUD CONNECTOR,1,359.4348,0.73,121
T4ST6,ALT4ST6,293.7207,,STUD CONNECTOR,1,402.3571,0.73,121
T4ST7,ALT4ST7,327.0094,,STUD CONNECTOR,1,447.9581,0.73,121
T52K,ALT52K,198.3143,,COUPLER,1,271.6634,0.73,118
T52T,ALT52T,174.4256,,TEE,1,238.9392,0.73,114
T53K,ALT53K,220.4878,,COUPLER,1,302.0381,0.73,118
T53T,ALT53T,175.2947,,TEE,1,240.1297,0.73,114
T54K,ALT54K,248.4475,,COUPLER,1,340.3391,0.73,118
T54T,ALT54T,218.1321,,TEE,1,298.8110,0.73,114
T55K,ALT55K,268.4254,,COUPLER,1,367.7060,0.73,118
T55K90                 ,ALT55K90,344.0025,,ELBOW,1,471.2363,0.73,118
T55T                   ,ALT55T,248.0587,,TEE,1,339.8064,0.73,114
T5A2N                  ,ALT5A2N,227.7722,,LUG,1,312.0167,0.73,110
T5A4N                  ,ALT5A4N,231.7631,,LUG,1,317.4838,0.73,110
T5JJ4T                 ,ALT5JJ4T,129.7814,,TEE,1,177.7828,0.73,112
T5JJ5T                 ,ALT5JJ5T,139.5702,,TEE,1,191.1920,0.73,112
T5JJ6T                 ,ALT5JJ6T,146.2371,,TEE,1,200.3248,0.73,112
T5JJ7T                 ,ALT5JJ7T,181.2412,,TEE,1,248.2756,0.73,112
T5JJ8T,ALT5JJ8T,210.6189,,TEE,1,288.5190,0.73,112
T5P4K,ALT5P4K,157.6726,,COUPLER,1,215.9898,0.73,117
T5P4T                  ,ALT5P4T,148.4213,,TEE,1,203.3168,0.73,113
T5P5K,ALT5P5K,183.2080,,COUPLER,1,250.9699,0.73,117
T5P5T,ALT5P5T,173.0190,,TEE,1,237.0124,0.73,113
T5P6K                  ,ALT5P6K,219.0812,,COUPLER,1,300.1112,0.73,117
T5P6T                  ,ALT5P6T,211.7167,,TEE,1,290.0228,0.73,113
T5P7K,ALT5P7K,248.1388,,COUPLER,1,339.9162,0.73,117
T5P8K,ALT5P8K,272.2562,,COUPLER,1,372.9538,0.73,117
T5SP5                  ,ALT5SP5,306.8829,,STUD CONNECTOR,1,420.3875,0.73,121
T5ST6,ALT5ST6,325.1340,,STUD CONNECTOR,1,445.3890,0.73,121
T5ST7,ALT5ST7,360.7669,,STUD CONNECTOR,1,494.2013,0.73,121
T5ST8,ALT5ST8,387.3202,,STUD CONNECTOR,1,530.5756,0.73,121
T63K,ALT63K,241.9522,,COUPLER,1,331.4413,0.73,118
T63T,ALT63T,232.5522,,TEE,1,318.5646,0.73,114
T64K,ALT64K,280.0895,,COUPLER,1,383.6843,0.73,118
T64T,ALT64T,245.5544,,TEE,1,336.3758,0.73,114
T65K,ALT65K,305.1562,,COUPLER,1,418.0222,0.73,118
T65T,ALT65T,271.7073,,TEE,1,372.2018,0.73,114
T66K                   ,ALT66K,341.8069,,COUPLER,1,468.2286,0.73,118
T66K90                 ,ALT66K90,436.1155,,ELBOW,1,597.4184,0.73,118
T66T                   ,ALT66T,310.2449,,TEE,1,424.9931,0.73,114
T6A2N,ALT6A2N,291.6051,,LUG,1,399.4590,0.73,110
T6A4N                  ,ALT6A4N,296.7842,,LUG,1,406.5536,0.73,110
T6JJ4T,ALT6JJ4T,143.1839,,TEE,1,196.1423,0.73,112
T6JJ5T,ALT6JJ5T,163.1502,,TEE,1,223.4934,0.73,112
T6JJ6T,ALT6JJ6T,185.1634,,TEE,1,253.6486,0.73,112
T6JJ7T                 ,ALT6JJ7T,234.6678,,TEE,1,321.4627,0.73,112
T6JJ8T,ALT6JJ8T,251.8897,,TEE,1,345.0544,0.73,112
T6P4K,ALT6P4K,190.5610,,COUPLER,1,261.0425,0.73,117
T6P4T,ALT6P4T,176.7012,,TEE,1,242.0564,0.73,113
T6P5K,ALT6P5K,228.8700,,COUPLER,1,313.5205,0.73,117
T6P5T                  ,ALT6P5T,215.3190,,TEE,1,294.9575,0.73,113
T6P6K,ALT6P6K,267.4762,,COUPLER,1,366.4057,0.73,117
T6P6T                  ,ALT6P6T,252.2099,,TEE,1,345.4930,0.73,113
T6P7K,ALT6P7K,283.2229,,COUPLER,1,387.9766,0.73,117
T6P7T,ALT6P7T,270.6896,,TEE,1,370.8077,0.73,113
T6P8K,ALT6P8K,304.0584,,COUPLER,1,416.5183,0.73,117
T6P8T,ALT6P8T,288.3917,,TEE,1,395.0572,0.73,113
T6SP5,ALT6SP5,357.3249,,STUD CONNECTOR,1,489.4861,0.73,121
T6ST6,ALT6ST6,360.0579,,STUD CONNECTOR,1,493.2300,0.73,121
T6ST7,ALT6ST7,408.7045,,STUD CONNECTOR,1,559.8692,0.73,121
T6ST8,ALT6ST8,460.2444,,STUD CONNECTOR,1,630.4717,0.73,121
T74K,ALT74K,296.9340,,COUPLER,1,406.7590,0.73,118
T74T,ALT74T,256.6697,,TEE,1,351.6023,0.73,114
T75K,ALT75K,326.7693,,COUPLER,1,447.6292,0.73,118
T75T,ALT75T,288.9406,,TEE,1,395.8091,0.73,114
T76K,ALT76K,371.0246,,COUPLER,1,508.2529,0.73,118
T76T,ALT76T,341.2580,,TEE,1,467.4767,0.73,114
T77K                   ,ALT77K,437.9909,,COUPLER,1,599.9875,0.73,118
T77K90,ALT77K90,547.4971,,ELBOW,1,749.9960,0.73,118
T77T,ALT77T,290.3471,,TEE,1,397.7358,0.73,114
T7A2N,ALT7A2N,367.6625,,LUG,1,503.6473,0.73,110
T7A4N                  ,ALT7A4N,367.6625,,LUG,1,503.6473,0.73,110
T7JJ4T,ALT7JJ4T,165.6546,,TEE,1,226.9241,0.73,112
T7JJ5T,ALT7JJ5T,192.5966,,TEE,1,263.8309,0.73,112
T7JJ6T,ALT7JJ6T,206.3077,,TEE,1,282.6133,0.73,112
T7JJ7T,ALT7JJ7T,248.3675,,TEE,1,340.2294,0.73,112
T7JJ8T,ALT7JJ8T,262.7076,,TEE,1,359.8734,0.73,112
T7P4K,ALT7P4K,223.1522,,COUPLER,1,305.6880,0.73,117
T7P4T,ALT7P4T,212.9632,,TEE,1,291.7304,0.73,113
T7P5K,ALT7P5K,258.1563,,COUPLER,1,353.6388,0.73,117
T7P5T                  ,ALT7P5T,235.9943,,TEE,1,323.2799,0.73,113
T7P6K,ALT7P6K,302.7318,,COUPLER,1,414.7012,0.73,117
T7P6T                  ,ALT7P6T,260.6721,,TEE,1,357.0851,0.73,113
T7P7K                  ,ALT7P7K,316.5917,,COUPLER,1,433.6872,0.73,117
T7P7T,ALT7P7T,288.3917,,TEE,1,395.0572,0.73,113
T7P8K,ALT7P8K,331.2405,,COUPLER,1,453.7541,0.73,117
T7P8T,ALT7P8T,298.8895,,TEE,1,409.4377,0.73,113
T7ST6,ALT7ST6,406.5089,,STUD CONNECTOR,1,556.8616,0.73,121
T7ST7,ALT7ST7,457.8886,,STUD CONNECTOR,1,627.2447,0.73,121
T7ST8,ALT7ST8,511.4638,,STUD CONNECTOR,1,700.6354,0.73,121
T84K,ALT84K,309.4673,,COUPLER,1,423.9278,0.73,118
T85K,ALT85K,353.1738,,COUPLER,1,483.7997,0.73,118
T85T,ALT85T,308.5182,,TEE,1,422.6276,0.73,114
T86K,ALT86K,434.7889,,COUPLER,1,595.6013,0.73,118
T86T,ALT86T,385.2846,,TEE,1,527.7871,0.73,114
T87K,ALT87K,485.9284,,COUPLER,1,665.6554,0.73,118
T87T,ALT87T,445.8242,,TEE,1,610.7180,0.73,114
T88K,ALT88K,538.0972,,COUPLER,1,737.1194,0.73,118
T88K90,ALT88K90,672.6586,,ELBOW,1,921.4501,0.73,118
T88T,ALT88T,493.7617,,TEE,1,676.3859,0.73,114
T8A4N                  ,ALT8A4N,451.9422,,LUG,1,619.0988,0.73,110
T8P5K,ALT8P5K,299.3583,,COUPLER,1,410.0798,0.73,117
T8P5T,ALT8P5T,270.2207,,TEE,1,370.1653,0.73,113
T8P6K,ALT8P6K,321.2916,,COUPLER,1,440.1254,0.73,117
T8P6T                  ,ALT8P6T,289.7982,,TEE,1,396.9839,0.73,113
T8P7K,ALT8P7K,337.8159,,COUPLER,1,462.7615,0.73,117
T8P7T,ALT8P7T,304.9960,,TEE,1,417.8028,0.73,113
T8P8K,ALT8P8K,357.9424,,COUPLER,1,490.3321,0.73,117
T8P8T,ALT8P8T,327.7869,,TEE,1,449.0232,0.73,113
T8ST8,ALT8ST8,567.7036,,STUD CONNECTOR,1,777.6762,0.73,121
T95K,ALT95K,396.8688,,COUPLER,1,543.6559,0.73,118
T95T,ALT95T,355.4380,,TEE,1,486.9013,0.73,114
T96K,ALT96K,493.3729,,COUPLER,1,675.8533,0.73,118
T96T,ALT96T,447.3107,,TEE,1,612.7544,0.73,114
T97K,ALT97K,538.0972,,COUPLER,1,737.1194,0.73,118
T97T,ALT97T,495.4084,,TEE,1,678.6416,0.73,114
T98K,ALT98K,592.8388,,COUPLER,1,812.1079,0.73,118
T98T,ALT98T,541.7794,,TEE,1,742.1635,0.73,114
T99K,ALT99K,633.6521,,COUPLER,1,868.0166,0.73,118
T99K90,ALT99K90,801.5023,,ELBOW,1,1097.9484,0.73,118
T99T,ALT99T,582.0258,,TEE,1,797.2956,0.73,114
T9A4N,ALT9A4N,534.4149,,LUG,1,732.0752,0.73,110
T9P5K,ALT9P5K,319.2561,,COUPLER,1,437.3371,0.73,117
T9P5T,ALT9P5T,294.8985,,TEE,1,403.9705,0.73,113
T9P6K,ALT9P6K,341.0293,,COUPLER,1,467.1634,0.73,117
T9P6T,ALT9P6T,303.2807,,TEE,1,415.4531,0.73,113
T9P7K,ALT9P7K,363.1913,,COUPLER,1,497.5223,0.73,117
T9P7T,ALT9P7T,324.5850,,TEE,1,444.6370,0.73,113
T9P8K,ALT9P8K,390.3735,,COUPLER,1,534.7582,0.73,117
T9P8T,ALT9P8T,352.2246,,TEE,1,482.4995,0.73,113
T9ST8,ALT9ST8,624.4123,,STUD CONNECTOR,1,855.3593,0.73,121
TK00T,ALTK00T,133.0748,,TEE,1,182.2943,0.73,114
TK11T,ALTK11T,158.2900,,TEE,1,216.8357,0.73,114
TK21T,ALTK21T,187.7479,,TEE,1,257.1889,0.73,114
TK22T,ALTK22T,201.6879,,TEE,1,276.2848,0.73,114
TK31T,ALTK31T,213.9810,,TEE,1,293.1246,0.73,114
TK32T,ALTK32T,227.9322,,TEE,1,312.2359,0.73,114
TK33T,ALTK33T,243.5189,,TEE,1,333.5875,0.73,114
TK41T,ALTK41T,247.3497,,TEE,1,338.8352,0.73,114
TK42T,ALTK42T,261.2896,,TEE,1,357.9310,0.73,114
TK43T,ALTK43T,276.8762,,TEE,1,379.2824,0.73,114
TK44T,ALTK44T,297.9518,,TEE,1,408.1531,0.73,114
TK52T,ALTK52T,336.9582,,TEE,1,461.5866,0.73,114
TK53T,ALTK53T,352.6935,,TEE,1,483.1417,0.73,114
TK54T,ALTK54T,373.6890,,TEE,1,511.9027,0.73,114
TK55T,ALTK55T,418.4933,,TEE,1,573.2785,0.73,114
TK63T,ALTK63T,426.0065,,TEE,1,583.5706,0.73,114
TK64T,ALTK64T,446.9219,,TEE,1,612.2218,0.73,114
TK65T,ALTK65T,491.8863,,TEE,1,673.8168,0.73,114
TK66T,ALTK66T,530.8928,,TEE,1,727.2504,0.73,114
TK74T,ALTK74T,543.1859,,TEE,1,744.0902,0.73,114
TK75T,ALTK75T,588.0703,,TEE,1,805.5757,0.73,114
TK76T,ALTK76T,627.1453,,TEE,1,859.1032,0.73,114
TK77T,ALTK77T,686.9072,,TEE,1,940.9687,0.73,114
TK85T,ALTK85T,687.8564,,TEE,1,942.2690,0.73,114
TK86T,ALTK86T,727.0115,,TEE,1,995.9062,0.73,114
TK87T,ALTK87T,786.7048,,TEE,1,1077.6778,0.73,114
TK88T,ALTK88T,844.2711,,TEE,1,1156.5358,0.73,114
TK95T,ALTK95T,783.7201,,TEE,1,1073.5891,0.73,114
TK96T,ALTK96T,822.9667,,TEE,1,1127.3516,0.73,114
TK97T,ALTK97T,882.5685,,TEE,1,1208.9980,0.73,114
TK98T,ALTK98T,939.7459,,TEE,1,1287.3232,0.73,114
TK99T,ALTK99T,997.2322,,TEE,1,1366.0715,0.73,114
WP2C3                  ,ALWP2C3,129.0038,,BUS SUPPORT,1,176.7175,0.73,122
WP2C5,ALWP2C5,195.2611,,BUS SUPPORT,1,267.4810,0.73,122
WP4C3                  ,ALWP4C3,135.5792,,BUS SUPPORT,1,185.7250,0.73,122
WP4C5                  ,ALWP4C5,205.3701,,BUS SUPPORT,1,281.3288,0.73,122
WP5C3                  ,ALWP5C3,142.2346,,BUS SUPPORT,1,194.8420,0.73,122
WP5C5                  ,ALWP5C5,235.2052,,BUS SUPPORT,1,322.1989,0.73,122
WP6C3                  ,ALWP6C3,153.0526,,BUS SUPPORT,1,209.6611,0.73,122
WP6C5                  ,ALWP6C5,239.4364,,BUS SUPPORT,1,327.9950,0.73,122
WP7C3                  ,ALWP7C3,161.2748,,BUS SUPPORT,1,220.9244,0.73,122
WP7C5,ALWP7C5,257.8474,,BUS SUPPORT,1,353.2157,0.73,122
WP8C3                  ,ALWP8C3,192.9137,,BUS SUPPORT,1,264.2653,0.73,122
WP8C5,ALWP8C5,281.4274,,BUS SUPPORT,1,385.5170,0.73,122
WP9C3,ALWP9C3,211.8654,,BUS SUPPORT,1,290.2266,0.73,122
WP9C5,ALWP9C5,310.1305,,BUS SUPPORT,1,424.8364,0.73,122
WT5T3                  ,ALWT5T3,186.4100,,BUS SUPPORT,1,255.3562,0.73,122
WT5T5,ALWT5T5,275.7784,,BUS SUPPORT,1,377.7786,0.73,122
WT6T3                  ,ALWT6T3,293.0117,,BUS SUPPORT,1,401.3858,0.73,122
WT6T5                  ,ALWT6T5,385.9822,,BUS SUPPORT,1,528.7428,0.73,122
WT7T3                  ,ALWT7T3,314.7848,,BUS SUPPORT,1,431.2121,0.73,122
WT7T5,ALWT7T5,421.5466,,BUS SUPPORT,1,577.4611,0.73,122
WT8T3,ALWT8T3,401.5001,,BUS SUPPORT,1,550.0002,0.73,122
WT8T5,ALWT8T5,501.8352,,BUS SUPPORT,1,687.4454,0.73,122
WT9T3,ALWT9T3,413.9534,,BUS SUPPORT,1,567.0595,0.73,122
WT9T5,ALWT9T5,545.6904,,BUS SUPPORT,1,747.5210,0.73,122
X25A2N                 ,ALX25A2N,132.3659,,LUG,1,181.3231,0.73,110
X25SP2                 ,ALX25SP2,90.9350,,STUD CONNECTOR,1,124.5685,0.73,119
X25SP3,ALX25SP3,106.3616,,STUD CONNECTOR,1,145.7008,0.73,119
X25SP4,ALX25SP4,118.2659,,STUD CONNECTOR,1,162.0080,0.73,119
X25SP5                 ,ALX25SP5,133.6238,,STUD CONNECTOR,1,183.0463,0.73,119
X25ST2,ALX25ST2,85.0577,,STUD CONNECTOR,1,116.5174,0.73,119
X25ST3                 ,ALX25ST3,99.4774,,STUD CONNECTOR,1,136.2704,0.73,119
X25ST4                 ,ALX25ST4,110.5126,,STUD CONNECTOR,1,151.3871,0.73,119
X25ST5                 ,ALX25ST5,124.8527,,STUD CONNECTOR,1,171.0311,0.73,119
X45A2N                 ,ALX45A2N,154.1390,,LUG,1,211.1494,0.73,110
X45A4N                 ,ALX45A4N,173.3392,,LUG,1,237.4510,0.73,110
X45SP2,ALX45SP2,118.2659,,STUD CONNECTOR,1,162.0080,0.73,119
X45SP3,ALX45SP3,124.9328,,STUD CONNECTOR,1,171.1408,0.73,119
X45SP4,ALX45SP4,141.9259,,STUD CONNECTOR,1,194.4191,0.73,119
X45SP5                 ,ALX45SP5,156.4948,,STUD CONNECTOR,1,214.3764,0.73,119
X45ST2                 ,ALX45ST2,110.5126,,STUD CONNECTOR,1,151.3871,0.73,119
X45ST3                 ,ALX45ST3,116.7792,,STUD CONNECTOR,1,159.9715,0.73,119
X45ST4                 ,ALX45ST4,132.6060,,STUD CONNECTOR,1,181.6520,0.73,119
X45ST5                 ,ALX45ST5,146.2774,,STUD CONNECTOR,1,200.3800,0.73,119
X45ST6,ALX45ST6,153.6015,,STUD CONNECTOR,1,210.4130,0.73,119
X45ST65,ALX45ST65,242.8898,,STUD CONNECTOR,1,332.7258,0.73,119
X45ST7,ALX45ST7,242.8898,,STUD CONNECTOR,1,332.7258,0.73,119
X45ST75,ALX45ST75,331.2405,,STUD CONNECTOR,1,453.7541,0.73,119
X45ST8,ALX45ST8,331.2405,,STUD CONNECTOR,1,453.7541,0.73,119
X6A4N                  ,ALX6A4N,175.7738,,LUG,1,240.7860,0.73,110
X6SP2,ALX6SP2,177.4903,,STUD CONNECTOR,1,243.1374,0.73,119
X6SP3,ALX6SP3,183.9056,,STUD CONNECTOR,1,251.9255,0.73,119
X6SP4,ALX6SP4,193.6944,,STUD CONNECTOR,1,265.3348,0.73,119
X6SP5,ALX6SP5,203.8033,,STUD CONNECTOR,1,279.1826,0.73,119
X6ST2,ALX6ST2,165.8146,,STUD CONNECTOR,1,227.1433,0.73,119
X6ST3                  ,ALX6ST3,171.9212,,STUD CONNECTOR,1,235.5085,0.73,119
X6ST4                  ,ALX6ST4,180.9324,,STUD CONNECTOR,1,247.8526,0.73,119
X6ST5                  ,ALX6ST5,190.4924,,STUD CONNECTOR,1,260.9485,0.73,119
X6ST6                  ,ALX6ST6,200.3613,,STUD CONNECTOR,1,274.4676,0.73,119
X6ST65,ALX6SR65,331.7894,,STUD CONNECTOR,1,454.5060,0.73,119
X6ST7,ALX6ST7,331.7894,,STUD CONNECTOR,1,454.5060,0.73,119
X6ST75,ALX6ST75,389.6644,,STUD CONNECTOR,1,533.7869,0.73,119
X6ST8,ALX6ST8,389.6644,,STUD CONNECTOR,1,533.7869,0.73,119
X8SP5,ALX8SP5,319.4161,,STUD CONNECTOR,1,437.5564,0.73,119
X8ST5,ALX8ST5,298.5007,,STUD CONNECTOR,1,408.9050,0.73,119
X8ST6,ALX8ST6,313.9271,,STUD CONNECTOR,1,430.0372,0.73,119
X8ST65,ALX8ST65,358.1825,,STUD CONNECTOR,1,490.6609,0.73,119
X8ST7,ALX8ST7,358.1825,,STUD CONNECTOR,1,490.6609,0.73,119
X8ST75,ALX8ST75,494.7795,,STUD CONNECTOR,1,677.7802,0.73,119
X8ST8,ALX8ST8,494.7795,,STUD CONNECTOR,1,677.7802,0.73,119
XP11A,ALXP11A,50.8711,,LUG,1,69.6864,0.73,106
XP11A2N,ALXP11A2N,51.6999,,LUG,1,70.8218,0.73,106
XP11A4N                ,ALXP11A4N,53.3351,,LUG,1,73.0618,0.73,106
XP12A                  ,ALXP12A,58.0352,,LUG,1,79.5002,0.73,106
XP12A2N,ALXP12A2N,60.0706,,LUG,1,82.2886,0.73,106
XP12A4N,ALXP12A4N,62.1862,,LUG,1,85.1866,0.73,106
XP13A                  ,ALXP13A,64.3818,,LUG,1,88.1942,0.73,106
XP13A2N                ,ALXP13A2N,66.1087,,LUG,1,90.5598,0.73,106
XP13A4N,ALXP13A4N,69.9395,,LUG,1,95.8075,0.73,106
XP14A,ALXP14A,76.3662,,LUG,1,104.6112,0.73,106
XP14A2N,ALXP14A2N,77.8528,,LUG,1,106.6477,0.73,106
XP14A4N,ALXP14A4N,80.2086,,LUG,1,109.8748,0.73,106
XP15A,ALXP15A,97.7506,,LUG,1,133.9049,0.73,106
XP15A2N                ,ALXP15A2N,98.1394,,LUG,1,134.4376,0.73,106
XP15A4N                ,ALXP15A4N,101.1927,,LUG,1,138.6202,0.73,106
XP16A,ALXP16A,126.7281,,LUG,1,173.6002,0.73,106
XP16A2N,ALXP16A2N,127.6658,,LUG,1,174.8846,0.73,106
XP16A4N                ,ALXP16A4N,130.7306,,LUG,1,179.0830,0.73,106
