Pricing File,,,,,,,,,,,,,,,,,,,,,
Pricing Type,Item Number,Item Description,UPC Code,Pricing Customer,SPA or CDC,Start Date,End Date,Currency Code,Quantity Break1,Price Break1,Quantity Break2,Price Break2,Quantity Break3,Price Break3,Quantity Break4,Price Break4,Quantity Break5,Price Break5,,,
Region Pricing 250,AG1BRKT,MTG BRKT FOR LTNG ARRSTRS,078275051997,0,,20220404,99999999,USD,1,2.86,0,0,0,0,0,0,0,0,,,
Region Pricing 250,AG2083C3,120/208V ARRESTER GUARD,078275124417,0,,20220404,99999999,USD,1,101.79,0,0,0,0,0,0,0,0,,,
Region Pricing 250,AG2401C3,"120/240V ARRESTER GUARD,SPH",078275124431,0,,20220404,99999999,USD,1,67.86,0,0,0,0,0,0,0,0,,,
Region Pricing 250,AG24013,"120/240V ARRESTER GUARD,SNGPH",078275124424,0,,20220404,99999999,USD,1,67.86,0,0,0,0,0,0,0,0,,,
Region Pricing 250,AG2403C3,120/208/240V ARRESTER GUARD,078275124455,0,,20220404,99999999,USD,1,96.34,0,0,0,0,0,0,0,0,,,
Region Pricing 250,AG3000,120/240 SINGLE PHASE SPD,078275130678,0,,20220404,99999999,USD,1,56.33,0,0,0,0,0,0,0,0,,,
Region Pricing 250,AG48013,"277/480V ARRESTER GUARD,SPH",078275124462,0,,20220404,99999999,USD,1,67.86,0,0,0,0,0,0,0,0,,,
Region Pricing 250,AG4803C3,277/480V ARRESTER GUARD,078275124479,0,,20220404,99999999,USD,1,101.79,0,0,0,0,0,0,0,0,,,
Region Pricing 250,AG6503C3,347/600V ARRESTER GUARD,078275124493,0,,20220404,99999999,USD,1,103.49,0,0,0,0,0,0,0,0,,,
Region Pricing 250,AG6503L3,347/600V ARRESTER GUARD,078275124769,0,,20220404,99999999,USD,1,92.49,0,0,0,0,0,0,0,0,,,
Region Pricing 250,AT1-5AS5E-GI,"REF CNT, 1RLY, 1SN, 230V",078275150805,0,,20220404,99999999,USD,1,41.92,0,0,0,0,0,0,0,0,,,
Region Pricing 250,AT1-5AS5U-BGI,"REF CNT, 1RLY, 1SN, 115V, RS",078275150812,0,,20220404,99999999,USD,1,44.57,0,0,0,0,0,0,0,0,,,
Region Pricing 250,AT1-5BS6E-ALI,"REF CNT, 2RLY, 2SN, 230V, TTL",078275150836,0,,20220404,99999999,USD,1,51.13,0,0,0,0,0,0,0,0,,,
Region Pricing 250,AT1-5BS6E-BGI,"REF CNT, 2RLY, 2SN, 230V, RS",078275150843,0,,20220404,99999999,USD,1,49.97,0,0,0,0,0,0,0,0,,,
Region Pricing 250,AT1-5BS6U-BGI,"REF CNT, 2RLY, 2SN, 115V, RS",078275151192,0,,20220404,99999999,USD,1,49.97,0,0,0,0,0,0,0,0,,,
Region Pricing 250,AT2-5BS4E-ALI,"REF CNT, 3RLY, 2SN, 230V, TTL",078275150850,0,,20220404,99999999,USD,1,56.11,0,0,0,0,0,0,0,0,,,
Region Pricing 250,AT2-5BS4E-GI,"REF CNT, 1RLY, 1SN, 230V",078275150867,0,,20220404,99999999,USD,1,53.77,0,0,0,0,0,0,0,0,,,
Region Pricing 250,AT2-5BS4U-BGI,"REF CNT, 3RLY, 2SN, 115V, RS",078275150874,0,,20220404,99999999,USD,1,55.78,0,0,0,0,0,0,0,0,,,
Region Pricing 250,BD1-28C1S5W-BI,"REF CNT, 5RLY, 3SN, 100-230V",078275150942,0,,20220404,99999999,USD,1,61.58,0,0,0,0,0,0,0,0,,,
Region Pricing 250,BEZ-55BLACKU,"UWZ BEZEL,55 X 55,BLACK",078275152960,0,,20220404,99999999,USD,1,2.71,0,0,0,0,0,0,0,0,,,
Region Pricing 250,BEZ-55GRAYU,"UWZ BEZEL,55 X 55,GRAY",078275152977,0,,20220404,99999999,USD,1,2.22,0,0,0,0,0,0,0,0,,,
Region Pricing 250,BEZ-72PU,"UWZ BEZEL W/ PINS,72 X 72,GRY",078275152984,0,,20220404,99999999,USD,1,3.62,0,0,0,0,0,0,0,0,,,
Region Pricing 250,BIT25-B1S3E-BI,"REF CNT, 3RLY, 2SN, 230V, RS",078275150911,0,,20220404,99999999,USD,1,58.27,0,0,0,0,0,0,0,0,,,
Region Pricing 250,BIT25-B1S3U-BI,"REF CNT, 3RLY, 2SN, 115V, RS",078275150928,0,,20220404,99999999,USD,1,58.27,0,0,0,0,0,0,0,0,,,
Region Pricing 250,BIT25-B1S3W-BI,"REF CNT, 3RLY, 2SN, 100-230V",078275150935,0,,20220404,99999999,USD,1,59.84,0,0,0,0,0,0,0,0,,,
Region Pricing 250,BR1-28C1Q5WH-BI,"REF CNT, 5RLY, 3SN, 100-230V",078275150881,0,,20220404,99999999,USD,1,72.37,0,0,0,0,0,0,0,0,,,
Customer Discount,CD1-024R,COMPRESSOR DEFENDER 120-240V,078275142923,0,D2,20220404,20221231,USD,1,80.21,0,0,0,0,0,0,0,0,,,
Region Pricing 250,CT2000,"CYCLE TIMER, 20A",078275124363,0,,20220404,99999999,USD,1,107.74,0,0,0,0,0,0,0,0,,,
Region Pricing 250,DC-FME-A,"DIAL C0VER,CLEAR",078275155640,0,,20220404,99999999,USD,1,2.75,0,0,0,0,0,0,0,0,,,
Region Pricing 250,DDFM,DEMAND DEFROST MODULE,078275148536,0,,20220404,99999999,USD,1,121.9,0,0,0,0,0,0,0,0,,,
Region Pricing 250,DDT40,DEMAND DEFROST TIMER,078275148543,0,,20220404,99999999,USD,1,216.87,0,0,0,0,0,0,0,0,,,
Region Pricing 250,DT-B,DEFROST TIMER BRACKET,078275127760,0,,20220404,99999999,USD,1,5.41,0,0,0,0,0,0,0,0,,,
Region Pricing 250,DTAV40,AUTO VOLT DEFROST CONTROL,078275125162,0,,20220404,99999999,USD,1,109.65,0,0,0,0,0,0,0,0,,,
Region Pricing 250,DTAV40E2,"AUTO VOLT DEFROST CNTRL, ELEC",078275142817,0,,20220404,99999999,USD,1,130.51,0,0,0,0,0,0,0,0,,,
Region Pricing 250,DTAV40M,"DEFROST TIMER,MECHANISM",078275127678,0,,20220404,99999999,USD,1,109.85,0,0,0,0,0,0,0,0,,,
Region Pricing 250,DTAV40Q,"DEFROST TIMER,QTZ,OUTDOOR ENCL",078275127685,0,,20220404,99999999,USD,1,172.6,0,0,0,0,0,0,0,0,,,
Region Pricing 250,DTAV40Q-M,"DEFROST TIMER, QTZ, MECHANISM",078275141360,0,,20220404,99999999,USD,1,167.43,0,0,0,0,0,0,0,0,,,
Region Pricing 250,DT200LT,"DIGITAL LANDSCAPE TMR,PLUG-IN",078275148901,0,,20220404,99999999,USD,1,34.81,0,0,0,0,0,0,0,0,,,
Region Pricing 250,DT620,DIGITAL LAMP TIMER-PLUG IN,078275125322,0,,20220404,99999999,USD,1,31.99,0,0,0,0,0,0,0,0,,,
Region Pricing 250,DU5S-1I,DISPLAY FOR BD1-28 & BR1-28,078275151574,0,,20220404,99999999,USD,1,20.86,0,0,0,0,0,0,0,0,,,
Region Pricing 250,EH10,TMR-7 DAY ELECT 120V(6PK),078275042896,0,,20220404,99999999,USD,1,97.46,0,0,0,0,0,0,0,0,,,
Region Pricing 250,EH40,TMR-7 DAY ELECT 240V(6PK),078275042902,0,,20220404,99999999,USD,1,73.81,0,0,0,0,0,0,0,0,,,
Customer Discount,EI200,"TIMER,IVORY,5/10/15/30",078275095182,0,D2,20220404,20221231,USD,1,31.28,0,0,0,0,0,0,0,0,,,
Customer Discount,EI200LA,"TIMER,LT ALMND,5/10/15/30 (6)",078275100572,0,D2,20220404,20221231,USD,1,31.28,0,0,0,0,0,0,0,0,,,
Customer Discount,EI200W,"TIMER,WHITE,5/10/15/30 (6)",078275095199,0,D2,20220404,20221231,USD,1,31.28,0,0,0,0,0,0,0,0,,,
Customer Discount,EI205LA,"TIMER,LT ALMOND,5/15/30/45/60",078275108462,0,D2,20220404,20221231,USD,1,30.99,0,0,0,0,0,0,0,0,,,
Customer Discount,EI205W,"TIMER,WHITE 5/15/30/45/60",078275108479,0,D2,20220404,20221231,USD,1,30.98,0,0,0,0,0,0,0,0,,,
Customer Discount,EI210,"TIMER,IVORY,10/20/30/60",078275095229,0,D2,20220404,20221231,USD,1,31.28,0,0,0,0,0,0,0,0,,,
Customer Discount,EI210LA,"TIMER,LT ALMND,10/20/30/60 (6)",078275100589,0,D2,20220404,20221231,USD,1,31.28,0,0,0,0,0,0,0,0,,,
Customer Discount,EI210W,"TIMER,WHITE,10/20/30/60 (6)",078275095236,0,D2,20220404,20221231,USD,1,31.28,0,0,0,0,0,0,0,0,,,
Customer Discount,EI215W,"TIMER,WHITE,1/4,1/2,1,2,4",078275108509,0,D2,20220404,20221231,USD,1,31.28,0,0,0,0,0,0,0,0,,,
Customer Discount,EI220W,"TIMER,WHITE,1/2/4/8",078275095274,0,D2,20220404,20221231,USD,1,31.28,0,0,0,0,0,0,0,0,,,
Region Pricing 250,EI230W,"TIMER,WHITE,2/4/8/12",078275095298,0,,20220404,99999999,USD,1,31.62,0,0,0,0,0,0,0,0,,,
Customer Discount,EI235W,15/30/45/60 MINUTE TIMER WHITE,078275111202,0,D2,20220404,20221231,USD,1,31.28,0,0,0,0,0,0,0,0,,,
Customer Discount,EI400C,WALL TIMER,078275101371,0,D2,20220404,20221231,USD,1,47.91,0,0,0,0,0,0,0,0,,,
Region Pricing 250,EI400LAC,WALL TIMER,078275101395,0,,20220404,99999999,USD,1,46.63,0,0,0,0,0,0,0,0,,,
Customer Discount,EI400WC,WALL TIMER,078275101388,0,D2,20220404,20221231,USD,1,46.16,0,0,0,0,0,0,0,0,,,
Customer Discount,EI500C,"IN WALL TIMER, IVRY",078275105218,0,D2,20220404,20221231,USD,1,31.8,0,0,0,0,0,0,0,0,,,
Customer Discount,EI500LAC,"IN WALL TIMER, LT ALMD",078275105225,0,D2,20220404,20221231,USD,1,31.8,0,0,0,0,0,0,0,0,,,
Customer Discount,EI500WC,"IN WALL TIMER,WHT",078275105232,0,D2,20220404,20221231,USD,1,31.8,0,0,0,0,0,0,0,0,,,
Customer Discount,EI600C,WALL TIMER,078275101401,0,D2,20220404,20221231,USD,1,52.23,0,0,0,0,0,0,0,0,,,
Customer Discount,EI600LAC,WALL TIMER,078275101425,0,D2,20220404,20221231,USD,1,52.23,0,0,0,0,0,0,0,0,,,
Customer Discount,EI600WC,WALL TIMER,078275101418,0,D2,20220404,20221231,USD,1,52.23,0,0,0,0,0,0,0,0,,,
Customer Discount,EJ600,DIGITAL ASTRONOMIC TIMER,078275127876,0,D2,20220404,20221231,USD,1,37.2,0,0,0,0,0,0,0,0,,,
Region Pricing 250,EJ600A,DIGITAL ASTRONOMIC TIMER,078275127883,0,,20220404,99999999,USD,1,37.62,0,0,0,0,0,0,0,0,,,
Region Pricing 250,EK4027S,347 VAC PHOTOCONTROL BUTTON,078275152366,0,,20220404,99999999,USD,1,18.74,0,0,0,0,0,0,0,0,,,
Region Pricing 250,EK4035S,480 VAC PHOTOCONTROL BUTTON,078275152397,0,,20220404,99999999,USD,1,20.88,0,0,0,0,0,0,0,0,,,
Region Pricing 250,EK4036S,"P/C,  ELECTRONIC, BUTTON STYLE",078275146280,0,,20220404,99999999,USD,1,13.61,0,0,0,0,0,0,0,0,21.82,23.44,25.86
Region Pricing 250,EK4127S,347 VAC PHOTOCONTROL STEM MNT,078275152373,0,,20220404,99999999,USD,1,19.49,0,0,0,0,0,0,0,0,,,
Region Pricing 250,EK4135S,480 VAC PHOTOCONTROL STEM MNT,078275152403,0,,20220404,99999999,USD,1,21.93,0,0,0,0,0,0,0,0,,,
Region Pricing 250,EK4136S,"P/C, ELEC, SIDE LENS, STEM MNT",078275146297,0,,20220404,99999999,USD,1,14.36,0,0,0,0,0,0,0,0,,,
Region Pricing 250,EK4227S,347 VAC PC SIDE LENS/STEM-SWVL,078275152380,0,,20220404,99999999,USD,1,20.83,0,0,0,0,0,0,0,0,,,
Region Pricing 250,EK4235S,480 VAC PC SIDE LENS/STEM-SWVL,078275152410,0,,20220404,99999999,USD,1,24.02,0,0,0,0,0,0,0,0,,,
Region Pricing 250,EK4236S,"P/C, ELEC,SIDE LENS SWIVEL MNT",078275146303,0,,20220404,99999999,USD,1,15.69,0,0,0,0,0,0,0,0,,26.88,28.24
Region Pricing 250,EK4336S,P/C W/WALL PLATE,078275148314,0,,20220404,99999999,USD,1,16.51,0,0,0,0,0,0,0,0,,,
Region Pricing 250,EK4436SM,"PHOTOCONTROL, ELECT,METAL",078275148406,0,,20220404,99999999,USD,1,23.1,0,0,0,0,0,0,0,0,,,
Customer Discount,EK4536,ELECT PHOTO CONTROL 120-277V,078275130173,0,D2,20220404,20221231,USD,1,11.4,0,0,0,0,0,0,0,0,,,
Region Pricing 250,EK4537,"PHOTCONT-ELEC,6AEBLST,347-480V",078275148970,0,,20220404,99999999,USD,1,19.71,0,0,0,0,0,0,0,0,,,
Region Pricing 250,EK4736S,"P/C, ELEC, TOP LENS SWIVEL MNT",078275146310,0,,20220404,99999999,USD,1,15.69,0,0,0,0,0,0,0,0,,,
Customer Discount,ELC4536,ELECT PHOTO CONTROL 120-277V,078275142961,0,D2,20220404,20221231,USD,1,7.82,0,0,0,0,0,0,0,0,,,
Region Pricing 250,EP100C,24 HR ELECTRONIC TIME SWITCH,078275143654,0,,20220404,99999999,USD,1,111,0,0,0,0,0,0,0,0,,,
Customer Discount,ET-NF,"NOISE FILTER, SNUBBER",078275141148,0,D2,20220404,20221231,USD,1,6.24,0,0,0,0,0,0,0,0,,,
Region Pricing 250,ETBATT-1,"BATTERY TRAY DOOR, ET SERIES",078275149298,0,,20220404,99999999,USD,1,12.77,0,0,0,0,0,0,0,0,,,
Region Pricing 250,ETCB28253PCR,ELEC AP CONTRACTOR BOX,078275152472,0,,20220404,99999999,USD,1,391.39,0,0,0,0,0,0,0,0,,,
Customer Discount,ET1105C,"ELECTRONIC T/S SPST,24 HOUR",078275109933,0,D2,20220404,20221231,USD,1,162.93,0,0,0,0,0,0,0,0,,,
Customer Discount,ET1125C,"ELECTRONIC T/S SPDT,24 HOUR",078275109957,0,D2,20220404,20221231,USD,1,183.3,0,0,0,0,0,0,0,0,,,
Customer Discount,ET1705C,"ELECTRONIC T/S SPST,7 DAY",078275109841,0,D2,20220404,20221231,USD,1,181.01,0,0,0,0,0,0,0,0,,,
Customer Discount,ET1725C,"ELECTRONIC T/S DPST,7 DAY",078275109865,0,D2,20220404,20221231,USD,1,203.65,0,0,0,0,0,0,0,0,,,
Region Pricing 250,ET2105C,"T/S-ELEC,1CH,24HR,INDOOR ENCL",078275147959,0,,20220404,99999999,USD,1,166.5,0,0,0,0,0,0,0,0,,,
Region Pricing 250,ET2105CP,"T/S-ELEC,1CH,24HR,3R PLAS ENCL",078275147973,0,,20220404,99999999,USD,1,183.15,0,0,0,0,0,0,0,0,,,
Region Pricing 250,ET2105CR,"T/S-ELEC,1CH,24HR,3R STL ENCL",078275147966,0,,20220404,99999999,USD,1,184.81,0,0,0,0,0,0,0,0,,,
Region Pricing 250,ET2115C,"T/S-ELEC,1CH,24HR,INDOOR ENCL",078275147980,0,,20220404,99999999,USD,1,169.42,0,0,0,0,0,0,0,0,,,
Region Pricing 250,ET2115CP,"T/S-ELEC,1CH,24HR,3R PLAS ENC",078275148000,0,,20220404,99999999,USD,1,186.36,0,0,0,0,0,0,0,0,,,
Region Pricing 250,ET2115CR,"T/S-ELEC,1CH,24HR,3R STL ENCL",078275147997,0,,20220404,99999999,USD,1,188.07,0,0,0,0,0,0,0,0,,,
Region Pricing 250,ET2125C,"T/S-ELEC,2CH,24HR,INDOOR ENCL",078275148017,0,,20220404,99999999,USD,1,187.33,0,0,0,0,0,0,0,0,,,
Region Pricing 250,ET2125CP,"T/S-ELEC,2CH,24HR,3R PLAS ENCL",078275148048,0,,20220404,99999999,USD,1,206.06,0,0,0,0,0,0,0,0,,,
Region Pricing 250,ET2125CR,"T/S-ELEC,2CH,24HR,3R STL ENCL",078275148031,0,,20220404,99999999,USD,1,207.95,0,0,0,0,0,0,0,0,,,
Region Pricing 250,ET2145C,"T/S-ELEC,4CH,24HR,INDOOR ENCL",078275148055,0,,20220404,99999999,USD,1,269.3,0,0,0,0,0,0,0,0,,,
Region Pricing 250,ET2145CP,"T/S-ELEC,4CH,24HR,3R PLAS ENCL",078275148079,0,,20220404,99999999,USD,1,296.24,0,0,0,0,0,0,0,0,,,
Region Pricing 250,ET2145CR,"T/S-ELEC,4CH,24HR,3R STL ENCL",078275148062,0,,20220404,99999999,USD,1,298.93,0,0,0,0,0,0,0,0,,,
Region Pricing 250,ET2705C,"T/S-ELEC,1CH,7DAY,INDOOR ENCL",078275148086,0,,20220404,99999999,USD,1,185.01,0,0,0,0,0,0,0,0,,,
Region Pricing 250,ET2705CP,"T/S-ELEC,1CH,7DAY,3R PLAS ENCL",078275148109,0,,20220404,99999999,USD,1,203.51,0,0,0,0,0,0,0,0,,,
Region Pricing 250,ET2705CR,"T/S-ELEC,1CH,7DAY,3R STL ENCL",078275148093,0,,20220404,99999999,USD,1,205.36,0,0,0,0,0,0,0,0,,,
Region Pricing 250,ET2715C,"T/S-ELEC,1CH,7DAY,INDOOR ENCL",078275148116,0,,20220404,99999999,USD,1,194.28,0,0,0,0,0,0,0,0,,,
Region Pricing 250,ET2715CP,"T/S-ELEC,1CH,7DAY,3R PLAS ENCL",078275148130,0,,20220404,99999999,USD,1,213.69,0,0,0,0,0,0,0,0,,,
Region Pricing 250,ET2715CR,"T/S-ELEC,1CH,7DAY,3R STL ENCL",078275148123,0,,20220404,99999999,USD,1,215.64,0,0,0,0,0,0,0,0,,,
Region Pricing 250,ET2725C,"T/S-ELEC,2CH,7DAY,INDOOR ENCL",078275148147,0,,20220404,99999999,USD,1,208.15,0,0,0,0,0,0,0,0,,,
Region Pricing 250,ET2725CP,"T/S-ELEC,2CH,7DAY,3R PLAS ENCL",078275148161,0,,20220404,99999999,USD,1,228.96,0,0,0,0,0,0,0,0,,,
Region Pricing 250,ET2725CR,"T/S-ELEC,2CH,7DAY,3R STL ENCL",078275148154,0,,20220404,99999999,USD,1,231.04,0,0,0,0,0,0,0,0,,,
Customer Discount,ET2745C,"T/S-ELEC,4CH,7DAY,INDOOR ENCL",078275148178,0,D2,20220404,20221231,USD,1,296.24,0,0,0,0,0,0,0,0,,,
Region Pricing 250,ET2745CP,"T/S-ELEC,4CH,7DAY,3R PLAS ENC",078275148192,0,,20220404,99999999,USD,1,329.13,0,0,0,0,0,0,0,0,,,
Region Pricing 250,ET2745CR,"T/S-ELEC,4CH,7DAY,3R STL ENC",078275148185,0,,20220404,99999999,USD,1,332.12,0,0,0,0,0,0,0,0,,,
Region Pricing 250,ET2805C,"T/S-ELEC,1CH,ASTRO,INDOOR ENCL",078275148208,0,,20220404,99999999,USD,1,205.59,0,0,0,0,0,0,0,0,,,
Region Pricing 250,ET2805CP,"T/S-ELEC,1CH,ASTRO,3R PLAS ENC",078275148222,0,,20220404,99999999,USD,1,226.15,0,0,0,0,0,0,0,0,,,
Region Pricing 250,ET2805CR,"T/S-ELEC,1CH,ASTRO,3R STL ENCL",078275148215,0,,20220404,99999999,USD,1,228.21,0,0,0,0,0,0,0,0,,,
Region Pricing 250,ET2815C,"T/S-ELEC,1XSPDT,ASTRO,INDOOR",078275148239,0,,20220404,99999999,USD,1,215.87,0,0,0,0,0,0,0,0,,,
Region Pricing 250,ET2815CP,"T/S-ELEC,1XSPDT,ASTRO,3R PLAS",078275148253,0,,20220404,99999999,USD,1,237.45,0,0,0,0,0,0,0,0,,,
Region Pricing 250,ET2815CR,"T/S-ELEC,1XSPDT,ASTRO,3R STL",078275148246,0,,20220404,99999999,USD,1,239.61,0,0,0,0,0,0,0,0,,,
Region Pricing 250,ET2825C,"T/S-ELEC,2CH,T1 ENCL",078275147690,0,,20220404,99999999,USD,1,231.25,0,0,0,0,0,0,0,0,,,
Region Pricing 250,ET2825CP,"T/S-ELEC,2CH,3R PLASTIC ENCL",078275147713,0,,20220404,99999999,USD,1,254.38,0,0,0,0,0,0,0,0,,,
Region Pricing 250,ET2825CR,"T/S-ELEC,2CH,3R STEEL ENCL",078275147706,0,,20220404,99999999,USD,1,256.7,0,0,0,0,0,0,0,0,,,
Region Pricing 250,ET2845C,"T/S-ELEC,4CH,INDOOR ENCL",078275147737,0,,20220404,99999999,USD,1,385.18,0,0,0,0,0,0,0,0,,,
Region Pricing 250,ET2845CP,"T/S-ELEC,4CH,3R PLASTIC ENCL",078275147751,0,,20220404,99999999,USD,1,423.69,0,0,0,0,0,0,0,0,,,
Region Pricing 250,ET2845CR,"T/S-ELEC,4CH,3R STEEL ENCL",078275147744,0,,20220404,99999999,USD,1,427.55,0,0,0,0,0,0,0,0,,,
Customer Discount,ET8015C,ELECTRONIC T/S SPST ASTRO,078275089754,0,D2,20220404,20221231,USD,1,201.16,0,0,0,0,0,0,0,0,,,
Customer Discount,ET8215C,ELECTRONIC T/S DPST ASTRO,078275089761,0,D2,20220404,20221231,USD,1,226.28,0,0,0,0,0,0,0,0,,,
Customer Discount,ET8415CR,ELECTRONIC T/S-4 CHANNEL,078275125544,0,D2,20220404,20221231,USD,1,351.53,0,0,0,0,0,0,0,0,,,
Customer Discount,ET90115C,1 CKT TIME SW / INDOOR,078275124837,0,D2,20220404,20221231,USD,1,362.84,0,0,0,0,0,0,0,0,,,
Region Pricing 250,ET90115CE,1 CKT TIME SW/INDOOR W/ETH,078275124851,0,,20220404,99999999,USD,1,429.53,0,0,0,0,0,0,0,0,,,
Region Pricing 250,ET90115CR,1 CKT TIME SW / OUTDOOR,078275124844,0,,20220404,99999999,USD,1,390.9,0,0,0,0,0,0,0,0,,,
Customer Discount,ET90115CRE,1 CKT TIME SW/OUTDOOR W/ETH,078275124868,0,D2,20220404,20221231,USD,1,493.44,0,0,0,0,0,0,0,0,,,
Customer Discount,ET90215C,2 CKT TIME SW / INDOOR,078275124875,0,D2,20220404,20221231,USD,1,435.4,0,0,0,0,0,0,0,0,,,
Customer Discount,ET90215CE,2 CKT TIME SW/INDOOR W/ETH,078275124899,0,D2,20220404,20221231,USD,1,522.47,0,0,0,0,0,0,0,0,,,
Customer Discount,ET90215CR,2 CKT TIME SW / OUTDOOR,078275124882,0,D2,20220404,20221231,USD,1,478.92,0,0,0,0,0,0,0,0,,,
Region Pricing 250,ET90215CRE,2 CKT TIME SW/OUTDOOR W/ETH,078275124905,0,,20220404,99999999,USD,1,540.39,0,0,0,0,0,0,0,0,,,
Customer Discount,ET90415CR,4 CKT TIME SW/OUTDOOR W/ETH,078275124912,0,D2,20220404,20221231,USD,1,914.3,0,0,0,0,0,0,0,0,,,
Customer Discount,ET90815CR,8 CKT TIME SW/OUTDOOR W/ETH,078275124929,0,D2,20220404,20221231,USD,1,1639.97,0,0,0,0,0,0,0,0,,,
Region Pricing 250,ET9100,ET90000 DOOR ASSEMBLY,078275127753,0,,20220404,99999999,USD,1,293.16,0,0,0,0,0,0,0,0,,,
Region Pricing 250,ET91215CR,12 CKT TIME SW/OUTDOOR W/ETH,078275124936,0,,20220404,99999999,USD,1,2022.83,0,0,0,0,0,0,0,0,,,
Region Pricing 250,ET91615CR,16 CKT TIME SW/OUTDOOR W/ETH,078275124943,0,,20220404,99999999,USD,1,2389.27,0,0,0,0,0,0,0,0,,,
Region Pricing 250,ET9232,ET90000 ETHERNET MODULE,078275127739,0,,20220404,99999999,USD,1,97.69,0,0,0,0,0,0,0,0,,,
Region Pricing 250,ET9250,ET90000 RELAY MODULE BOARD,078275127746,0,,20220404,99999999,USD,1,769.55,0,0,0,0,0,0,0,0,,,
Customer Discount,E1010,IN WALL TIME-ALL,078275440005,0,D2,20220404,20221231,USD,1,48.43,0,0,0,0,0,0,0,0,,,
Region Pricing 250,E1020,IN WALL MULTIPLE TRIPPER,078275440203,0,,20220404,99999999,USD,1,48.66,0,0,0,0,0,0,0,0,,,
Region Pricing 250,E200,OUTDOOR ENCLOSURE,078275155657,0,,20220404,99999999,USD,1,28.58,0,0,0,0,0,0,0,0,,,
Region Pricing 250,FC04-20P01,CABLE-BD1 & BR1 DISPLAY,078275150676,0,,20220404,99999999,USD,1,6.83,0,0,0,0,0,0,0,0,,,
Customer Discount,FD12HC,12HR S/W W/O HLD,078275005075,0,D2,20220404,20221231,USD,1,28.58,0,0,0,0,0,0,0,0,,,
Region Pricing 250,FD12HH,12HR S/W T/S W/HOLD SPST,078275185708,0,,20220404,99999999,USD,1,28.86,0,0,0,0,0,0,0,0,,,
Region Pricing 250,FD12HHW,12HR S/W T/W W/HOLD SPST,078275185715,0,,20220404,99999999,USD,1,28.86,0,0,0,0,0,0,0,0,,,
Customer Discount,FD12HWC,12HR S/W W/O/HOLD,078275005082,0,D2,20220404,20221231,USD,1,28.58,0,0,0,0,0,0,0,0,,,
Region Pricing 250,FD15MAC,15MIN S/W T/S W/O HLDSPST,078275072916,0,,20220404,99999999,USD,1,24.45,0,0,0,0,0,0,0,0,,,
Customer Discount,FD15MC,15M S/W W/O HOLD,078275005013,0,D2,20220404,20221231,USD,1,19.2,0,0,0,0,0,0,0,0,,,
Customer Discount,FD15MHW,15MIN S/W T/S W/HOLD SPST,078275185555,0,D2,20220404,20221231,USD,1,19.2,0,0,0,0,0,0,0,0,,,
Region Pricing 250,FD15MP,PLATE ONLY FOR FD15M,078275110090,0,,20220404,99999999,USD,1,2.9,0,0,0,0,0,0,0,0,,,
Region Pricing 250,FD15MPW,PLATE ONLY FOR FD15MW,078275110106,0,,20220404,99999999,USD,1,2.9,0,0,0,0,0,0,0,0,,,
Customer Discount,FD15MWC,15M S/W W/O HOLD,078275005020,0,D2,20220404,20221231,USD,1,19.2,0,0,0,0,0,0,0,0,,,
Customer Discount,FD2H,2HR S/W T/S W/O HOLD SPST,078275073999,0,D2,20220404,20221231,USD,1,28.58,0,0,0,0,0,0,0,0,,,
Customer Discount,FD2HW,2HR S/W T/S W/O HOLD SPST,078275073975,0,D2,20220404,20221231,USD,1,28.58,0,0,0,0,0,0,0,0,,,
Customer Discount,FD30MAC,30MIN S/W T/S W/O HLDSPST,078275072923,0,D2,20220404,20221231,USD,1,19.2,0,0,0,0,0,0,0,0,,,
Customer Discount,FD30MC,30M S/W W/O HOLD,078275005037,0,D2,20220404,20221231,USD,1,19.2,0,0,0,0,0,0,0,0,,,
Customer Discount,FD30MH,30MIN S/W T/S W/HOLD SPST,078275185586,0,D2,20220404,20221231,USD,1,19.2,0,0,0,0,0,0,0,0,,,
Customer Discount,FD30MHW,30MIN S/W T/S W/HOLD SPST,078275185593,0,D2,20220404,20221231,USD,1,19.29,0,0,0,0,0,0,0,0,,,
Region Pricing 250,FD30MP,PLATE ONLY FOR FD30M,078275110120,0,,20220404,99999999,USD,1,2.93,0,0,0,0,0,0,0,0,,,
Customer Discount,FD30MPW,PLATE ONLY FOR FD30MW,078275110137,0,D2,20220404,20221231,USD,1,2.89,0,0,0,0,0,0,0,0,,,
Customer Discount,FD30MWC,30M S/W W/O HOLD,078275005044,0,D2,20220404,20221231,USD,1,19.29,0,0,0,0,0,0,0,0,,,
Customer Discount,FD32H,2HR S/W T/S W/O HOLD SPDT,078275185760,0,D2,20220404,20221231,USD,1,43.46,0,0,0,0,0,0,0,0,,,
Customer Discount,FD32HW,2HR S/W T/S W/O HOLD SPDT,078275185777,0,D2,20220404,20221231,USD,1,43.46,0,0,0,0,0,0,0,0,,,
Customer Discount,FD34H,4HR S/W T/S W/O HOLD SPDT,078275185807,0,D2,20220404,20221231,USD,1,43.46,0,0,0,0,0,0,0,0,,,
Customer Discount,FD4H,4HR S/W T/S W/O HOLD SPST,078275074019,0,D2,20220404,20221231,USD,1,28.7,0,0,0,0,0,0,0,0,,,
Region Pricing 250,FD4HW,4HR S/W T/S W/O HOLD SPST,078275073982,0,,20220404,99999999,USD,1,28.99,0,0,0,0,0,0,0,0,,,
Region Pricing 250,FD415M,15MIN S/W TS W/O HLD DPST,078275185982,0,,20220404,99999999,USD,1,50.22,0,0,0,0,0,0,0,0,,,
Customer Discount,FD430M,30MIN S/W TS W/O HLD DPST,078275185999,0,D2,20220404,20221231,USD,1,49.74,0,0,0,0,0,0,0,0,,,
Customer Discount,FD430MW,30MIN S/W TS W/O HLD DPST,078275186026,0,D2,20220404,20221231,USD,1,49.74,0,0,0,0,0,0,0,0,,,
Region Pricing 250,FD46HW,6HR S/W T/S W/O HOLD DPST,078275186088,0,,20220404,99999999,USD,1,50.22,0,0,0,0,0,0,0,0,,,
Customer Discount,FD460MW,60MIN S/W TS W/O HLD DPST,078275186033,0,D2,20220404,20221231,USD,1,49.74,0,0,0,0,0,0,0,0,,,
Region Pricing 250,FD5M,5MIN S/W T/S W/O HOLDSPST,078275185500,0,,20220404,99999999,USD,1,22.13,0,0,0,0,0,0,0,0,,,
Customer Discount,FD5MW,5MIN S/W T/S W/O HOLDSPST,078275185517,0,D2,20220404,20221231,USD,1,19.29,0,0,0,0,0,0,0,0,,,
Customer Discount,FD6H,6HR S/W T/S W/O HOLD SPST,078275185685,0,D2,20220404,20221231,USD,1,28.7,0,0,0,0,0,0,0,0,,,
Region Pricing 250,FD6HH,6HR S/W T/S W/HOLD SPST,078275185661,0,,20220404,99999999,USD,1,28.99,0,0,0,0,0,0,0,0,,,
Region Pricing 250,FD6HHW,6HR S/W T/S W HOLD SPST,078275185678,0,,20220404,99999999,USD,1,28.99,0,0,0,0,0,0,0,0,,,
Customer Discount,FD6HW,6HR S/W T/S W/O HOLD SPST,078275185692,0,D2,20220404,20221231,USD,1,28.7,0,0,0,0,0,0,0,0,,,
Region Pricing 250,FD60MAC,60MIN S/W T/S W/O HLDSPST,078275072930,0,,20220404,99999999,USD,1,22.13,0,0,0,0,0,0,0,0,,,
Customer Discount,FD60MC,60M S/W W/O HOLD,078275005051,0,D2,20220404,20221231,USD,1,19.29,0,0,0,0,0,0,0,0,,,
Customer Discount,FD60MH,60MIN S/W T/S W/HOLD SPST,078275185623,0,D2,20220404,20221231,USD,1,19.29,0,0,0,0,0,0,0,0,,,
Customer Discount,FD60MHW,60MIN S/W T/S W/HOLD SPST,078275185630,0,D2,20220404,20221231,USD,1,19.29,0,0,0,0,0,0,0,0,,,
Region Pricing 250,FD60MP,PLATE ONLY FOR FD60M,078275110199,0,,20220404,99999999,USD,1,2.93,0,0,0,0,0,0,0,0,,,
Region Pricing 250,FD60MPW,PLATE ONLY FOR FD60MW,078275116610,0,,20220404,99999999,USD,1,2.93,0,0,0,0,0,0,0,0,,,
Customer Discount,FD60MWC,60M S/W W/O HOLD,078275005068,0,D2,20220404,20221231,USD,1,19.29,0,0,0,0,0,0,0,0,,,
Customer Discount,FF12HC,12H W/O H SPST,078275005259,0,D2,20220404,20221231,USD,1,28.7,0,0,0,0,0,0,0,0,,,
Customer Discount,FF12HHC,12HR W/HOLD CLAMSHELL,078275005266,0,D2,20220404,20221231,USD,1,28.7,0,0,0,0,0,0,0,0,,,
Region Pricing 250,FF12H10,SPRING WOUND MECH.,078275123694,0,,20220404,99999999,USD,1,16.68,0,0,0,0,0,0,0,0,,,
Customer Discount,FF15MC,15 MIN SPRING,078275005297,0,D2,20220404,20221231,USD,1,19.29,0,0,0,0,0,0,0,0,,,
Region Pricing 250,FF15MH,SPRING WOUND TS W/HOLD,078275184138,0,,20220404,99999999,USD,1,22.13,0,0,0,0,0,0,0,0,,,
Region Pricing 250,FF15MP,PLATE ONLY FOR FF15M,078275110557,0,,20220404,99999999,USD,1,2.93,0,0,0,0,0,0,0,0,,,
Customer Discount,FF2H,2HR S/W T/S W/O HOLD SPST,078275074002,0,D2,20220404,20221231,USD,1,28.7,0,0,0,0,0,0,0,0,,,
Customer Discount,FF30MC,30 MIN SPRING AUTO SHUT-OFF,078275005303,0,D2,20220404,20221231,USD,1,19.29,0,0,0,0,0,0,0,0,,,
Region Pricing 250,FF30MH,30 MIN S/W T/S W/HOLD,078275184152,0,,20220404,99999999,USD,1,22.13,0,0,0,0,0,0,0,0,,,
Region Pricing 250,FF30MP,PLATE ONLY FOR FF30M,078275110601,0,,20220404,99999999,USD,1,2.93,0,0,0,0,0,0,0,0,,,
Customer Discount,FF312H,12HR S/W TS W/O HOLD SPDT,078275184282,0,D2,20220404,20221231,USD,1,43.46,0,0,0,0,0,0,0,0,,,
Region Pricing 250,FF312HH,12HR S/W T/S W/HOLD SPDT,078275184299,0,,20220404,99999999,USD,1,43.89,0,0,0,0,0,0,0,0,,,
Region Pricing 250,FF315M,15MIN S/W TS W/O HOLDSPDT,078275069268,0,,20220404,99999999,USD,1,37.22,0,0,0,0,0,0,0,0,,,
Customer Discount,FF32H,2 HR S/W TS W/O HOLD SPDT,078275184220,0,D2,20220404,20221231,USD,1,43.46,0,0,0,0,0,0,0,0,,,
Customer Discount,FF32HH,2HR S/W T/S W/HOLD (SPDT),078275184237,0,D2,20220404,20221231,USD,1,43.46,0,0,0,0,0,0,0,0,,,
Region Pricing 250,FF330M,30MIN S/W TS W/O HOLDSPDT,078275069275,0,,20220404,99999999,USD,1,37.22,0,0,0,0,0,0,0,0,,,
Customer Discount,FF34H,4 HR S/W TS W/O HOLD SPDT,078275184244,0,D2,20220404,20221231,USD,1,43.46,0,0,0,0,0,0,0,0,,,
Region Pricing 250,FF34HH,4HR S/W T/S W/HOLD (SPDT),078275184251,0,,20220404,99999999,USD,1,43.89,0,0,0,0,0,0,0,0,,,
Customer Discount,FF36H,6HR S/W T/S W/O HOLD SPDT,078275184268,0,D2,20220404,20221231,USD,1,43.46,0,0,0,0,0,0,0,0,,,
Customer Discount,FF360M,60MIN S/W TS W/O HOLDSPDT,078275069282,0,D2,20220404,20221231,USD,1,36.86,0,0,0,0,0,0,0,0,,,
Customer Discount,FF4H,4HR S/W T/S W/O HOLD SPST,078275074026,0,D2,20220404,20221231,USD,1,28.7,0,0,0,0,0,0,0,0,,,
Customer Discount,FF412H,12HR S/W T/S W/O HOLDDPST,078275184329,0,D2,20220404,20221231,USD,1,49.74,0,0,0,0,0,0,0,0,,,
Region Pricing 250,FF415M,15 MIN S/W TS W/O HOLD,078275184343,0,,20220404,99999999,USD,1,50.22,0,0,0,0,0,0,0,0,,,
Region Pricing 250,FF430M,30 MIN S/W TS W/O HOLD,078275184350,0,,20220404,99999999,USD,1,50.22,0,0,0,0,0,0,0,0,,,
Region Pricing 250,FF46H,6HR S/W T/S W/O HOLD DPST,078275184305,0,,20220404,99999999,USD,1,50.22,0,0,0,0,0,0,0,0,,,
Customer Discount,FF460M,60 MIN S/W TS W/O HOLD,078275184367,0,D2,20220404,20221231,USD,1,49.74,0,0,0,0,0,0,0,0,,,
Customer Discount,FF5M,5 MIN. S/W TS W/O HOLD,078275184107,0,D2,20220404,20221231,USD,1,19.29,0,0,0,0,0,0,0,0,,,
Region Pricing 250,FF5MH,5 MIN S/W TS W/HOLD,078275184114,0,,20220404,99999999,USD,1,22.13,0,0,0,0,0,0,0,0,,,
Region Pricing 250,FF5M10,5MIN S/W TS W/O HOLD MECH,078275003057,0,,20220404,99999999,USD,1,17.51,0,0,0,0,0,0,0,0,,,
Region Pricing 250,FF6H,6HR S/W T/S W/O HOLD SPST,078275184183,0,,20220404,99999999,USD,1,28.44,0,0,0,0,0,0,0,0,,,
Region Pricing 250,FF6HH,6 HR S/W T/S W/HOLD SPST,078275184190,0,,20220404,99999999,USD,1,28.44,0,0,0,0,0,0,0,0,,,
Customer Discount,FF60MC,60 MIN SPRING,078275005600,0,D2,20220404,20221231,USD,1,19.29,0,0,0,0,0,0,0,0,,,
Customer Discount,FF60MHC,60 MIN W/HOLD,078275005273,0,D2,20220404,20221231,USD,1,19.29,0,0,0,0,0,0,0,0,,,
Region Pricing 250,FF60MP,PLATE ONLY FOR FF60M,078275023253,0,,20220404,99999999,USD,1,3.04,0,0,0,0,0,0,0,0,,,
Region Pricing 250,FM-FU,FM1 FLUSH MOUNT HOUSING KIT,078275152588,0,,20220404,99999999,USD,1,7.81,0,0,0,0,0,0,0,0,,,
Region Pricing 250,FM-SU,FM1 SURFACE/DIN RAIL KIT,078275152595,0,,20220404,99999999,USD,1,11.74,0,0,0,0,0,0,0,0,,,
Region Pricing 250,FM1D14-AV-U,"DGTL TMR,120-277V,14 ST PNT UN",078275142770,0,,20220404,99999999,USD,1,82.22,0,0,0,0,0,0,0,0,,,
Region Pricing 250,FM1D14-24U,"DGTL TMR,24V,14 SET PNT UN PCK",078275142794,0,,20220404,99999999,USD,1,83.25,0,0,0,0,0,0,0,0,,,
Customer Discount,FM1D14A-AV,"DGTL TMR,14 PRGM,AV,SFCE MNT",078275143166,0,D2,20220404,20221231,USD,1,92.99,0,0,0,0,0,0,0,0,,,
Region Pricing 250,FM1D14A-24,"DGTL TMR,14 PRGM,24V,SFCE MNT",078275143180,0,,20220404,99999999,USD,1,95.08,0,0,0,0,0,0,0,0,,,
Region Pricing 250,FM1D20-120U,"DGTL TMR,20 ST PNT, UNIT PACK",078275116344,0,,20220404,99999999,USD,1,115.85,0,0,0,0,0,0,0,0,,,
Customer Discount,FM1D20-24U,"DGTL TMR,20 ST PNT, UNIT PACK",078275116382,0,D2,20220404,20221231,USD,1,105.18,0,0,0,0,0,0,0,0,,,
Region Pricing 250,FM1D20A-120,"DGTL TMR,20 PRGM,12V,SFCE MNT",078275121607,0,,20220404,99999999,USD,1,126.71,0,0,0,0,0,0,0,0,,,
Region Pricing 250,FM1D20A-24,"DGTL TMR,20 PRGM,24V,SFCE MNT",078275121669,0,,20220404,99999999,USD,1,127.92,0,0,0,0,0,0,0,0,,,
Region Pricing 250,FM1D20A-240,"DGTL TMR,20 PRGM,240V,SFCE MNT",078275121645,0,,20220404,99999999,USD,1,127.92,0,0,0,0,0,0,0,0,,,
Region Pricing 250,FM1D20E-120,"DGTL TMR,20 PRGM,120V,FLSH MNT",078275121638,0,,20220404,99999999,USD,1,126.71,0,0,0,0,0,0,0,0,,,
Region Pricing 250,FM1D20E-24,"DGTL TMR,20 PRGM,24V,FLSH MNT",078275121676,0,,20220404,99999999,USD,1,127.92,0,0,0,0,0,0,0,0,,,
Region Pricing 250,FM1D50A-120,"DGTL TMR,50 PRGM,120V,SFCE MNT",078275121508,0,,20220404,99999999,USD,1,148.57,0,0,0,0,0,0,0,0,,,
Region Pricing 250,FM1D50A-24,"DGTL TMR,50 PRGM,24V,SFCE MNT",078275121560,0,,20220404,99999999,USD,1,149.78,0,0,0,0,0,0,0,0,,,
Region Pricing 250,FM1MNTGKIT,FM/1 MOUNTING KIT,078275155664,0,,20220404,99999999,USD,1,2.17,0,0,0,0,0,0,0,0,,,
Region Pricing 250,FM1QTUZ-120U,"TIME SW,CLOCK FACE,QTZ,24 HOUR",078275155688,0,,20220404,99999999,USD,1,74.31,0,0,0,0,0,0,0,0,,,
Region Pricing 250,FM1QTUZ-24U,"TIME SW,CLOCK FACE,QTZ,24 HOUR",078275152571,0,,20220404,99999999,USD,1,74.31,0,0,0,0,0,0,0,0,,,
Region Pricing 250,FM1QTUZH-120U,"TIME SW,CLOCK FACE,QTZ,24 HOUR",078275152618,0,,20220404,99999999,USD,1,77.04,0,0,0,0,0,0,0,0,,,
Region Pricing 250,FM1QTUZH-24U,"TIME SW,CLOCK FACE,QTZ,24 HOUR",078275152632,0,,20220404,99999999,USD,1,78.01,0,0,0,0,0,0,0,0,,,
Region Pricing 250,FM1QWUZ-240U,"TIME SW,CLOCK FACE,QTZ,7 DAY",078275152649,0,,20220404,99999999,USD,1,100.16,0,0,0,0,0,0,0,0,,,
Region Pricing 250,FM1QWUZH-BW-24U,"TIME SW,CLOCK FACE,QTZ,7 DAY",078275152670,0,,20220404,99999999,USD,1,106.73,0,0,0,0,0,0,0,0,,,
Region Pricing 250,FM1QWUZH-120U,"TIME SW,CLOCK FACE,QTZ,7 DAY",078275152663,0,,20220404,99999999,USD,1,104.43,0,0,0,0,0,0,0,0,,,
Customer Discount,FM1STUZ-120U,"TIME SWITCH,CLOCK FACE,24 HOUR",078275152816,0,D2,20220404,20221231,USD,1,34.05,0,0,0,0,0,0,0,0,,,
Region Pricing 250,FM1STUZ-24U,"TIME SWITCH,CLOCK FACE,24 HOUR",078275152854,0,,20220404,99999999,USD,1,34.82,0,0,0,0,0,0,0,0,,,
Region Pricing 250,FM1STUZ-240U,"TIME SWITCH,CLOCK FACE,24 HOUR",078275152809,0,,20220404,99999999,USD,1,34.82,0,0,0,0,0,0,0,0,,,
Region Pricing 250,FM1STUZH-120U,"TIME SWITCH,CLOCK FACE,24 HOUR",078275152847,0,,20220404,99999999,USD,1,37.29,0,0,0,0,0,0,0,0,,,
Region Pricing 250,FM1STUZH-24U,"TIME SWITCH,CLOCK FACE,24 HOUR",078275152793,0,,20220404,99999999,USD,1,39.56,0,0,0,0,0,0,0,0,,,
Region Pricing 250,FM1STUZH-240U,"TIME SWITCH,CLOCK FACE,24 HOUR",078275152830,0,,20220404,99999999,USD,1,38.06,0,0,0,0,0,0,0,0,,,
Region Pricing 250,FM1SWUZ-120U,"TIME SWITCH,CLOCK FACE,7 DAY",078275153066,0,,20220404,99999999,USD,1,61.48,0,0,0,0,0,0,0,0,,,
Region Pricing 250,FM1S12HU-120U,"TIME SWITCH,12 HOUR",078275152953,0,,20220404,99999999,USD,1,40.4,0,0,0,0,0,0,0,0,,,
Region Pricing 250,FM2D50-120,"DGTL TMR,50 ST PNT, 2 CHANNEL",078275116290,0,,20220404,99999999,USD,1,241.05,0,0,0,0,0,0,0,0,,,
Region Pricing 250,FM2D50-24,"DGTL TMR,50 ST PNT, 2 CHANNEL",078275116276,0,,20220404,99999999,USD,1,244.44,0,0,0,0,0,0,0,0,,,
Region Pricing 250,FM2D50-240,"DGTL TMR,50 ST PNT, 2 CHANNEL",078275116313,0,,20220404,99999999,USD,1,245.04,0,0,0,0,0,0,0,0,,,
Region Pricing 250,FWZ55K-120U,"AC HOUR METER,120V",078275153134,0,,20220404,99999999,USD,1,44.67,0,0,0,0,0,0,0,0,,,
Region Pricing 250,FWZ72-120U,"AC HOUR METER,120V",078275153165,0,,20220404,99999999,USD,1,41.86,0,0,0,0,0,0,0,0,,,
Region Pricing 250,FWZ72-24U,"AC HOUR METER,24V",078275153172,0,,20220404,99999999,USD,1,41.86,0,0,0,0,0,0,0,0,,,
Region Pricing 250,FWZ72B-120U,"AC HOUR METER,120V",078275153189,0,,20220404,99999999,USD,1,47.18,0,0,0,0,0,0,0,0,,,
Region Pricing 250,GMXFM1D20-I-120,"DGTL TMR,20 PRGM,120V,INDOOR",078275116771,0,,20220404,99999999,USD,1,131.06,0,0,0,0,0,0,0,0,,,
Region Pricing 250,GMXFM1D20-I-24,"DGTL TMR,20 PRGM,24V,INDOOR",078275121485,0,,20220404,99999999,USD,1,118.26,0,0,0,0,0,0,0,0,,,
Region Pricing 250,GMXQT-O-120,"TIME SW,CLK FACE,QTZ,24HR,OTDR",078275153219,0,,20220404,99999999,USD,1,94.54,0,0,0,0,0,0,0,0,,,
Customer Discount,GMXST-I-120,"TIME SW,CLK FACE,24 HR,INDOOR",078275153226,0,D2,20220404,20221231,USD,1,50.93,0,0,0,0,0,0,0,0,,,
Region Pricing 250,GMXST-I-240,"TIME SW,CLK FACE,24 HR,INDOOR",078275153240,0,,20220404,99999999,USD,1,52.47,0,0,0,0,0,0,0,0,,,
Region Pricing 250,GMXST-O-120,"TIME SW,CLK FACE,24 HR,OUTDOOR",078275153257,0,,20220404,99999999,USD,1,58.38,0,0,0,0,0,0,0,0,,,
Region Pricing 250,GMXSW-I-120,"TIME SW,CLK FACE,7 DAY,INDOOR",078275153264,0,,20220404,99999999,USD,1,88.2,0,0,0,0,0,0,0,0,,,
Region Pricing 250,GM40AV,GM40AV W/24HR MECH TIMER,078275123755,0,,20220404,99999999,USD,1,62.79,0,0,0,0,0,0,0,0,,,
Region Pricing 250,GM40AV-Q,"TIME SWITCH, 24HR, W/BATTERY",078275140967,0,,20220404,99999999,USD,1,100.51,0,0,0,0,0,0,0,0,,,
Region Pricing 250,GM40AV-QW,"TIME SWITCH, 7-DAY, W/BATTERY",078275140974,0,,20220404,99999999,USD,1,127,0,0,0,0,0,0,0,0,,,
Region Pricing 250,GM40AV-W,"TIME SWITCH, 7-DAY",078275140981,0,,20220404,99999999,USD,1,102.49,0,0,0,0,0,0,0,0,,,
Region Pricing 250,GM40AVE-RD89,GM40AVE-RD89 W/DIGITAL TIMER,078275142428,0,,20220404,99999999,USD,1,89.28,0,0,0,0,0,0,0,0,,,
Region Pricing 250,GZ40AU,"DC HOUR METER,10-80VDC",078275153271,0,,20220404,99999999,USD,1,45,0,0,0,0,0,0,0,0,,,
Region Pricing 250,HB112,PLUG-IN TIMER HD 240V/15A,078275135192,0,,20220404,99999999,USD,1,14.91,0,0,0,0,0,0,0,0,,,
Region Pricing 250,HB113,PLUG-IN TIMER HD 120/20A,078275135208,0,,20220404,99999999,USD,1,14.91,0,0,0,0,0,0,0,0,,,
Region Pricing 250,HB114,PLUG-IN TIMER HD 240/20A,078275135215,0,,20220404,99999999,USD,1,14.91,0,0,0,0,0,0,0,0,,,
Region Pricing 250,HB880R,OUTDOOR ASTRO TIMER HB880R,078275140134,0,,20220404,99999999,USD,1,43.5,0,0,0,0,0,0,0,0,,,
Region Pricing 250,HK30.1DC-DINU,DC HOUR METER,078275153288,0,,20220404,99999999,USD,1,55.52,0,0,0,0,0,0,0,0,,,
Region Pricing 250,H10S13D1DG1,100KA 3PH HLD 120/240 SPD,078275152038,0,,20220404,99999999,USD,1,465.6,0,0,0,0,0,0,0,0,,,
Region Pricing 250,H10S13D1DG2,100KA 3PH HLD 120/240 SPD A,078275152045,0,,20220404,99999999,USD,1,488.28,0,0,0,0,0,0,0,0,,,
Region Pricing 250,H10S13Y1DG1,100KA 3PH Y 120/208 SPD,078275152076,0,,20220404,99999999,USD,1,465.44,0,0,0,0,0,0,0,0,,,
Region Pricing 250,H10S13Y1DG2,100KA 3PH Y 120/208 SPD A,078275152083,0,,20220404,99999999,USD,1,489.47,0,0,0,0,0,0,0,0,,,
Region Pricing 250,H10S13Y2DG1,100KA 3PH Y 277/480 SPD,078275152113,0,,20220404,99999999,USD,1,465.44,0,0,0,0,0,0,0,0,,,
Region Pricing 250,H10S13Y2DG2,100KA 3PH Y 277/480 SPD A,078275152120,0,,20220404,99999999,USD,1,489.47,0,0,0,0,0,0,0,0,,,
Region Pricing 250,H10S13Y3DG1,100KA 3PH Y 347/600 SPD,078275152151,0,,20220404,99999999,USD,1,465.44,0,0,0,0,0,0,0,0,,,
Region Pricing 250,H10S13Y3DG2,100KA 3PH Y 347/600 SPD A,078275152168,0,,20220404,99999999,USD,1,489.47,0,0,0,0,0,0,0,0,,,
Region Pricing 250,H10S21S1DG1,100KA 1PH 120/240 SPD,078275152014,0,,20220404,99999999,USD,1,462.08,0,0,0,0,0,0,0,0,,,
Region Pricing 250,H10S21S1DG2,100KA 1PH 120/240 SPD A,078275152021,0,,20220404,99999999,USD,1,485.08,0,0,0,0,0,0,0,0,,,
Region Pricing 250,H10S23D1DG1,100KA 3PH HLD 120/240 SPD,078275152052,0,,20220404,99999999,USD,1,488.49,0,0,0,0,0,0,0,0,,,
Region Pricing 250,H10S23D1DG2,100KA 3PH HLD 120/240 SPD A,078275152069,0,,20220404,99999999,USD,1,519.52,0,0,0,0,0,0,0,0,,,
Region Pricing 250,H10S23Y1DG1,100KA 3PH Y 120/208 SPD,078275152090,0,,20220404,99999999,USD,1,510.49,0,0,0,0,0,0,0,0,,,
Region Pricing 250,H10S23Y1DG2,100KA 3PH Y 120/208 SPD A,078275152106,0,,20220404,99999999,USD,1,541.52,0,0,0,0,0,0,0,0,,,
Region Pricing 250,H10S23Y2DG1,100KA 3PH Y 277/480 SPD,078275152137,0,,20220404,99999999,USD,1,510.49,0,0,0,0,0,0,0,0,,,
Region Pricing 250,H10S23Y2DG2,100KA 3PH Y 277/480 SPD A,078275152144,0,,20220404,99999999,USD,1,541.52,0,0,0,0,0,0,0,0,,,
Region Pricing 250,H20S13D1DG1,200KA 3PH HLD 120/240 SPD,078275152199,0,,20220404,99999999,USD,1,651.65,0,0,0,0,0,0,0,0,,,
Region Pricing 250,H20S13D1DG2,200KA 3PH HLD 120/240 SPD A,078275152205,0,,20220404,99999999,USD,1,721.72,0,0,0,0,0,0,0,0,,,
Region Pricing 250,H20S13Y1DG1,200KA 3PH Y 120/208 SPD,078275152236,0,,20220404,99999999,USD,1,651.65,0,0,0,0,0,0,0,0,,,
Region Pricing 250,H20S13Y1DG2,200KA 3PH Y 120/208 SPD A,078275152243,0,,20220404,99999999,USD,1,721.72,0,0,0,0,0,0,0,0,,,
Region Pricing 250,H20S13Y2DG1,200KA 3PH Y 277/480 SPD,078275152274,0,,20220404,99999999,USD,1,651.65,0,0,0,0,0,0,0,0,,,
Region Pricing 250,H20S13Y2DG2,200KA 3PH Y 277/480 SPD A,078275152281,0,,20220404,99999999,USD,1,721.72,0,0,0,0,0,0,0,0,,,
Region Pricing 250,H20S13Y3DG1,200KA 3PH Y 347/600 SPD,078275152311,0,,20220404,99999999,USD,1,651.65,0,0,0,0,0,0,0,0,,,
Region Pricing 250,H20S13Y3DG2,200KA 3PH Y 347/600 SPD A,078275152328,0,,20220404,99999999,USD,1,721.72,0,0,0,0,0,0,0,0,,,
Region Pricing 250,H20S21S1DG1,200KA SP 120/240 SPD,078275152175,0,,20220404,99999999,USD,1,638.24,0,0,0,0,0,0,0,0,,,
Region Pricing 250,H20S21S1DG2,200KA SP 120/240 SPD A,078275152182,0,,20220404,99999999,USD,1,670.64,0,0,0,0,0,0,0,0,,,
Region Pricing 250,H20S23D1DG1,200KA 3PH HLD 120/240 SPD,078275152212,0,,20220404,99999999,USD,1,766.77,0,0,0,0,0,0,0,0,,,
Region Pricing 250,H20S23D1DG2,200KA 3PH HLD 120/240 SPD A,078275152229,0,,20220404,99999999,USD,1,865.87,0,0,0,0,0,0,0,0,,,
Region Pricing 250,H20S23Y1DG1,200KA 3PH Y 120/208 SPD,078275152250,0,,20220404,99999999,USD,1,766.77,0,0,0,0,0,0,0,0,,,
Region Pricing 250,H20S23Y1DG2,200KA 3PH Y 120/208 SPD A,078275152267,0,,20220404,99999999,USD,1,865.87,0,0,0,0,0,0,0,0,,,
Region Pricing 250,H20S23Y2DG1,200KA 3PH Y 277/480 SPD,078275152298,0,,20220404,99999999,USD,1,766.77,0,0,0,0,0,0,0,0,,,
Region Pricing 250,H20S23Y2DG2,200KA 3PH Y 277/480 SPD A,078275152304,0,,20220404,99999999,USD,1,865.87,0,0,0,0,0,0,0,0,,,
Region Pricing 250,IG112463,SURGE PROTECTOR 6 CIRC-4' CORD,078275124530,0,,20220404,99999999,USD,1,56.9,0,0,0,0,0,0,0,0,,,
Region Pricing 250,IG112663,SURGE PROTECTOR 6 CIRC-6' CORD,078275124547,0,,20220404,99999999,USD,1,60.6,0,0,0,0,0,0,0,0,,,
Region Pricing 250,IG112663BLK10,SURGE PRTECT 6 SPEC OUTLET 6'C,078275124561,0,,20220404,99999999,USD,1,66.6,0,0,0,0,0,0,0,0,,,
Region Pricing 250,IG120RSM10K,I-MODULE,078275148710,0,,20220404,99999999,USD,1,33.22,0,0,0,0,0,0,0,0,,,
Region Pricing 250,IG120RSM20,"120V,100KA, SPD MODULE",078275143678,0,,20220404,99999999,USD,1,37.43,0,0,0,0,0,0,0,0,,,
Customer Discount,IG1200RC3,120/240 3-MODE SPD,078275128569,0,D2,20220404,20221231,USD,1,86.42,0,0,0,0,0,0,0,0,,,
Customer Discount,IG1240FMP33,FLUSH MOUNT PLATE,078275125353,0,D2,20220404,20221231,USD,1,15.48,0,0,0,0,0,0,0,0,,,
Customer Discount,IG1240RC3,120/240 SPD W/PLASTIC CASE,078275124394,0,D2,20220404,20221231,USD,1,122.4,0,0,0,0,0,0,0,0,,,
Region Pricing 250,IG1300-2T-1C3,120/240 SPD W/2 TELE & 1 COAX,078275124387,0,,20220404,99999999,USD,1,258.74,0,0,0,0,0,0,0,0,,,
Customer Discount,IG1300-4T-2C3,120/240 SPD W/4 TELE & 2 COAX,078275124370,0,D2,20220404,20221231,USD,1,283.52,0,0,0,0,0,0,0,0,,,
Region Pricing 250,IG20B123,SURGE PRTECT 6 SPEC OUTLET 6'C,078275124608,0,,20220404,99999999,USD,1,106.71,0,0,0,0,0,0,0,0,,,
Region Pricing 250,IG2012B153,SURGE PRTECT 6 SPEC OUTLET 15',078275124592,0,,20220404,99999999,USD,1,120.95,0,0,0,0,0,0,0,0,,,
Region Pricing 250,IG206153,SURGE PRTECT 6 SPEC OUTLET 15',078275124585,0,,20220404,99999999,USD,1,145.12,0,0,0,0,0,0,0,0,,,
Region Pricing 250,IG2200-FMK,IG2200XX SERIES FLUSH MOUNT KI,078275146136,0,,20220404,99999999,USD,1,25.5,0,0,0,0,0,0,0,0,,,
Region Pricing 250,IG2240-IMSK,SMART GUARD,078275148697,0,,20220404,99999999,USD,1,210.84,0,0,0,0,0,0,0,0,,,
Region Pricing 250,IG2240-PK,"SMART GUARD, PLASTIC VERSION",078275148703,0,,20220404,99999999,USD,1,153.34,0,0,0,0,0,0,0,0,,,
Region Pricing 250,IG2280-IM,120/240 1 PHASE SPD,078275146112,0,,20220404,99999999,USD,1,233.59,0,0,0,0,0,0,0,0,,,
Region Pricing 250,IG2280-OM,120/240 1 PHASE SPD,078275146129,0,,20220404,99999999,USD,1,238.75,0,0,0,0,0,0,0,0,,,
Region Pricing 250,IG2280-P,120/240 1 PHASE SPD,078275146105,0,,20220404,99999999,USD,1,413.86,0,0,0,0,0,0,0,0,,,
Region Pricing 250,IG3240FMP33,FLUSH MOUNT PLATE,078275125346,0,,20220404,99999999,USD,1,15.61,0,0,0,0,0,0,0,0,,,
Customer Discount,IG3240RC3,120/240 SPD W/METAL CASE,078275124400,0,D2,20220404,20221231,USD,1,175.81,0,0,0,0,0,0,0,0,,,
Region Pricing 250,IOS-CMP-DT-LV,OCC SENS CEILING DUAL TECH LOW,078275148376,0,,20220404,99999999,USD,1,75.5,0,0,0,0,0,0,0,0,,,
Region Pricing 250,IOS-CMP-DT-U,OCC SENS CEILING DUAL TECH LIN,078275148383,0,,20220404,99999999,USD,1,75.49,0,0,0,0,0,0,0,0,,,
Region Pricing 250,IOS-CMP-LV,CEILING OCCUPANCY SENSOR,078275139909,0,,20220404,99999999,USD,1,42.71,0,0,0,0,0,0,0,0,,,
Region Pricing 250,IOS-CMP-U,CEILING OCCUPANCY SENSOR,078275139916,0,,20220404,99999999,USD,1,49.82,0,0,0,0,0,0,0,0,,,
Region Pricing 250,IOS-DDR-WH,OCCUPANCY SENSOR,078275125568,0,,20220404,99999999,USD,1,49.82,0,0,0,0,0,0,0,0,,,
Region Pricing 250,IOS-DOV-DT-WH,OCC SENS IN-WALL DUAL TECH LIN,078275148369,0,,20220404,99999999,USD,1,70.72,0,0,0,0,0,0,0,0,,,
Region Pricing 250,IOS-DOV-IV,OCCUPANCY SENSOR,078275125216,0,,20220404,99999999,USD,1,22.05,0,0,0,0,0,0,0,0,,,
Region Pricing 250,IOS-DOV-NL-IV,OCCUPANCY SENSOR W/NIGHT LIGHT,078275125582,0,,20220404,99999999,USD,1,23.79,0,0,0,0,0,0,0,0,,,
Region Pricing 250,IOS-DOV-NL-WH,OCCUPANCY SENSOR W/NIGHT LIGHT,078275125575,0,,20220404,99999999,USD,1,22.93,0,0,0,0,0,0,0,0,,,
Region Pricing 250,IOS-DOV-WH,OCCUPANCY SENSOR,078275125209,0,,20220404,99999999,USD,1,22.02,0,0,0,0,0,0,0,0,,,
Region Pricing 250,IOS-DPBIF-WH,OCCUPANCY SENSOR,078275125254,0,,20220404,99999999,USD,1,16.38,0,0,0,0,0,0,0,0,,,
Region Pricing 250,IOS-DPBIMF-WH,OCCUPANCY SENSOR,078275125315,0,,20220404,99999999,USD,1,13.89,0,0,0,0,0,0,0,0,,,
Region Pricing 250,IOS-DPBV-WH,VACANCY ONLY IN-WALL SENSOR,078275149076,0,,20220404,99999999,USD,1,15.2,0,0,0,0,0,0,0,0,,,
Region Pricing 250,IOS-DSIF-IV,OCCUPANCY SENSOR,078275125223,0,,20220404,99999999,USD,1,16.38,0,0,0,0,0,0,0,0,,,
Customer Discount,IOS-DSIF-WH,OCCUPANCY SENSOR,078275125230,0,D2,20220404,20221231,USD,1,16.22,0,0,0,0,0,0,0,0,,,
Region Pricing 250,IOS-DSIMF-IV,OCCUPANCY SENSOR,078275125285,0,,20220404,99999999,USD,1,13.89,0,0,0,0,0,0,0,0,,,
Region Pricing 250,IOS-DSIMF-WH,OCCUPANCY SENSOR,078275125292,0,,20220404,99999999,USD,1,13,0,0,0,0,0,0,0,0,,,
Region Pricing 250,IOS-DSR-IV,OCCUPANCY SENSOR,078275125193,0,,20220404,99999999,USD,1,37.74,0,0,0,0,0,0,0,0,,,
Region Pricing 250,IOS-DSR-WH,OCCUPANCY SENSOR,078275125186,0,,20220404,99999999,USD,1,37.29,0,0,0,0,0,0,0,0,,,
Region Pricing 250,IOS-HB-U,CEILING OCCUPANCY SENSOR,078275139923,0,,20220404,99999999,USD,1,48.38,0,0,0,0,0,0,0,0,,,
Region Pricing 250,IOS-PP24,CEILING OC SENSOR PWR PCK,078275139930,0,,20220404,99999999,USD,1,35.58,0,0,0,0,0,0,0,0,,,
Region Pricing 250,KM2ST-1G,"IN-WALL TIMER,1 GANG",078275153660,0,,20220404,99999999,USD,1,29.85,0,0,0,0,0,0,0,0,,,
Region Pricing 250,KM2ST-2D,"IN-WALL TIMER,2 GANG DECORA",078275153707,0,,20220404,99999999,USD,1,47.12,0,0,0,0,0,0,0,0,,,
Region Pricing 250,KM2ST-2G,"IN-WALL TIMER,2 GANG",078275153714,0,,20220404,99999999,USD,1,47.12,0,0,0,0,0,0,0,0,,,
Customer Discount,KM2ST-3G,"IN-WALL TIMER,3 GANG",078275153721,0,D2,20220404,20221231,USD,1,47.4,0,0,0,0,0,0,0,0,,,
Region Pricing 250,KM2STU-1G,"IN-WALL TMR,1 GANG,3 WAY",078275153738,0,,20220404,99999999,USD,1,30.54,0,0,0,0,0,0,0,0,,,
Region Pricing 250,KPT0170-010,"POWERTAP,TL,7PIN,120V, 15A",078275150096,0,,20220404,99999999,USD,1,74.48,0,0,0,0,0,0,0,0,,,
Region Pricing 250,KPT1170-010,POWERTAP DUSK-TO-DAWN,078275150614,0,,20220404,99999999,USD,1,99.71,0,0,0,0,0,0,0,0,,,
Region Pricing 250,K121,RECEPTACLE-TWIST LOCK (12),078275045408,0,,20220404,99999999,USD,1,9.15,0,0,0,0,0,0,0,0,,,
Customer Discount,K121-30,RECEPTACLE-TWIST LOCK (50),078275107175,0,D2,20220404,20221231,USD,1,7.78,0,0,0,0,0,0,0,0,,,
Region Pricing 250,K122,RECEPTACLE-TWIST LOCK W/BRKT,078275501201,0,,20220404,99999999,USD,1,18.37,0,0,0,0,0,0,0,0,,,
Customer Discount,K171H,RECEPTACLE-TWIST LOCK W/DIM,078275148581,0,D2,20220404,20221231,USD,1,14.11,0,0,0,0,0,0,0,0,,,
Customer Discount,K4021C,PHOTO CONTRL,078275002005,0,D2,20220404,20221231,USD,1,8.3,0,0,0,0,0,0,0,0,,,
Customer Discount,K4023C,PHOTO CNTROL,078275029576,0,D2,20220404,20221231,USD,1,13.28,0,0,0,0,0,0,0,0,,,
Region Pricing 250,K4027,PHOTO CONTROL THERMAL 347,078275091672,0,,20220404,99999999,USD,1,20.15,0,0,0,0,0,0,0,0,,,
Region Pricing 250,K4035,PHOTO CONTROL THERMAL 480,078275530041,0,,20220404,99999999,USD,1,26.64,0,0,0,0,0,0,0,0,,,
Customer Discount,K4121C,PHOTO CONTROL THRML,078275002012,0,D2,20220404,20221231,USD,1,9.33,0,0,0,0,0,0,0,0,,,
Region Pricing 250,K4123C,PHOTO CNTRL 208/277V CLAM,078275029590,0,,20220404,99999999,USD,1,18.24,0,0,0,0,0,0,0,0,,,
Region Pricing 250,K4127,PHOTO CONTROL THERMAL 347,078275091689,0,,20220404,99999999,USD,1,20.98,0,0,0,0,0,0,0,0,,,
Customer Discount,K4135,PHOTO CNTRL THERMAL 480V,078275042872,0,D2,20220404,20221231,USD,1,22.71,0,0,0,0,0,0,0,0,,,
Region Pricing 250,K4141C,PHOTO CNTRL HI AMP IN CLM,078275029583,0,,20220404,99999999,USD,1,21.68,0,0,0,0,0,0,0,0,,,
Region Pricing 250,K42-SW-A,KP-SWIVEL ASSY ACCESSORIES,078275124998,0,,20220404,99999999,USD,1,1.57,0,0,0,0,0,0,0,0,,,
Customer Discount,K4221C,PHOTO CONTROL-THRML,078275002029,0,D2,20220404,20221231,USD,1,9.01,0,0,0,0,0,0,0,0,,,
Customer Discount,K4223C,P/C THERMAL 208/277 VOLT,078275056954,0,D2,20220404,20221231,USD,1,13.92,0,0,0,0,0,0,0,0,,,
Region Pricing 250,K4227,PHOTO CONTROL THERMAL,078275091696,0,,20220404,99999999,USD,1,22.3,0,0,0,0,0,0,0,0,,,
Customer Discount,K4235,PHOTO CNTRL THERMAL 480V,078275042889,0,D2,20220404,20221231,USD,1,24.46,0,0,0,0,0,0,0,0,,,
Region Pricing 250,K4236C,PHOTO CNTROL,078275029606,0,,20220404,99999999,USD,1,21.3,0,0,0,0,0,0,0,0,,,
Region Pricing 250,K4251,PCELL-SWV THN 120V,078275067752,0,,20220404,99999999,USD,1,12.6,0,0,0,0,0,0,0,0,,,
Customer Discount,K4253,PCELL-SWV THN 208/277V,078275067769,0,D2,20220404,20221231,USD,1,15.74,0,0,0,0,0,0,0,0,,,
Customer Discount,K43-WP-KIT,"KIT-WALL PLATE,P/C",078275148321,0,D2,20220404,20221231,USD,1,1.91,0,0,0,0,0,0,0,0,,,
Region Pricing 250,K4321C,PHOTO CONTROL,078275002036,0,,20220404,99999999,USD,1,10.87,0,0,0,0,0,0,0,0,,,
Region Pricing 250,K4421M,"METAL PHOTOCONTROL,120V",078275105997,0,,20220404,99999999,USD,1,13.47,0,0,0,0,0,0,0,0,,,
Region Pricing 250,K4423M,"METAL PHOTOCONTROL,208/277V",078275106000,0,,20220404,99999999,USD,1,15.06,0,0,0,0,0,0,0,0,,,
Customer Discount,LC2100,"PHOTOCONTROL,MULTIVOLT THERMAL",078275148826,0,D2,20220404,20221231,USD,1,10.11,0,0,0,0,0,0,0,0,,,
Customer Discount,LC4521C,PHOTO CONTROL,078275002043,0,D2,20220404,20221231,USD,1,7.74,0,0,0,0,0,0,0,0,,,
Customer Discount,LC4521LA,PHOTO CONTROL 120V-TL,078275002661,0,D2,20220404,20221231,USD,1,9.19,0,0,0,0,0,0,0,0,,,
Customer Discount,LC4523,PHOTO CNTRL 208-277V (S01,078275700611,0,D2,20220404,20221231,USD,1,11.4,0,0,0,0,0,0,0,0,,,
Region Pricing 250,LC4523LA,PHOTO CONTROL 208-277V-TL,078275022713,0,,20220404,99999999,USD,1,16.49,0,0,0,0,0,0,0,0,,,
Customer Discount,LC4527,PHOTO CONTROL 347V,078275091702,0,D2,20220404,20221231,USD,1,12.15,0,0,0,0,0,0,0,0,,,
Region Pricing 250,LC4535,PHOTO CONTROL 480V-TL,078275002678,0,,20220404,99999999,USD,1,19.89,0,0,0,0,0,0,0,0,,,
Customer Discount,LC4535LA,PHOTO CONTROL 480V-TL,078275002685,0,D2,20220404,20221231,USD,1,20.62,0,0,0,0,0,0,0,0,,,
Customer Discount,LC4536C,PHOTO CNTROL,078275029552,0,D2,20220404,20221231,USD,1,10.56,0,0,0,0,0,0,0,0,,,
Region Pricing 250,LC4536LAC,"INSTRUCTS,PACKAGING,LC4536LAC",078275029569,0,,20220404,99999999,USD,1,16.42,0,0,0,0,0,0,0,0,,,
Region Pricing 250,LED4536SC,LED PHOTO CONTROL 120-277V,078275143647,0,,20220404,99999999,USD,1,19.47,0,0,0,0,0,0,0,0,,,
Region Pricing 250,LED4537SC,"PHOTCONT-ELEC,8AEBLST,347-480V",078275148987,0,,20220404,99999999,USD,1,22.41,0,0,0,0,0,0,0,0,,,
Region Pricing 250,LGLBL,"LABEL-LIGHT SHIELD,P/C",078275148819,0,,20220404,99999999,USD,1,0.28,0,0,0,0,0,0,0,0,,,
Region Pricing 250,LS1,LIGHT SENSOR,614573058506,0,,20220404,99999999,USD,1,53.11,0,0,0,0,0,0,0,0,,,
Region Pricing 250,LS2,"LIGHT SENSOR,HIGH RANGE",614573058599,0,,20220404,99999999,USD,1,53.35,0,0,0,0,0,0,0,0,,,
Region Pricing 250,L10F11S1DG1,100KA 1PH 120/240 SPD,078275151833,0,,20220404,99999999,USD,1,379.38,0,0,0,0,0,0,0,0,,,
Region Pricing 250,L10F11S1DG2,100KA 1PH 120/240 SPD A,078275151840,0,,20220404,99999999,USD,1,417.15,0,0,0,0,0,0,0,0,,,
Region Pricing 250,L10F13N4DG1,100KA 3PH D 440-480 SPD,078275151871,0,,20220404,99999999,USD,1,462.07,0,0,0,0,0,0,0,0,,,
Region Pricing 250,L10F13N4DG2,100KA 3PH D 440-480 SPD A,078275151888,0,,20220404,99999999,USD,1,490.69,0,0,0,0,0,0,0,0,,,
Region Pricing 250,L10F13Y1DG1,100KA 3PH Y 120/208 SPD,078275151918,0,,20220404,99999999,USD,1,439.44,0,0,0,0,0,0,0,0,,,
Region Pricing 250,L10F13Y1DG2,100KA 3PH Y 120/208 SPD A,078275151925,0,,20220404,99999999,USD,1,462.09,0,0,0,0,0,0,0,0,,,
Region Pricing 250,L10F13Y2DG1,100KA 3PH Y 277/480 SPD,078275151956,0,,20220404,99999999,USD,1,439.44,0,0,0,0,0,0,0,0,,,
Region Pricing 250,L10F13Y2DG2,100KA 3PH Y 277/480 SPD A,078275151963,0,,20220404,99999999,USD,1,462.09,0,0,0,0,0,0,0,0,,,
Region Pricing 250,L10F13Y3DG1,100KA 3PH Y 347/600 SPD,078275151994,0,,20220404,99999999,USD,1,439.44,0,0,0,0,0,0,0,0,,,
Region Pricing 250,L10F13Y3DG2,100KA 3PH Y 347/600 SPD A,078275152007,0,,20220404,99999999,USD,1,462.09,0,0,0,0,0,0,0,0,,,
Region Pricing 250,L10F23D1DG1,100KA 3PH HLD 120/240 SPD,078275151857,0,,20220404,99999999,USD,1,439.44,0,0,0,0,0,0,0,0,,,
Region Pricing 250,L10F23D1DG2,100KA 3PH HLD 120/240 SPD A,078275151864,0,,20220404,99999999,USD,1,488.49,0,0,0,0,0,0,0,0,,,
Region Pricing 250,L10F23N4DG1,100KA 3PH D 440-480 SPD,078275151895,0,,20220404,99999999,USD,1,547.55,0,0,0,0,0,0,0,0,,,
Region Pricing 250,L10F23N4DG2,100KA 3PH D 440-480 SPD A,078275151901,0,,20220404,99999999,USD,1,570.57,0,0,0,0,0,0,0,0,,,
Region Pricing 250,L10F23Y1DG1,100KA 3PH Y 120/208 SPD,078275151932,0,,20220404,99999999,USD,1,473.02,0,0,0,0,0,0,0,0,,,
Region Pricing 250,L10F23Y1DG2,100KA 3PH Y 120/208 SPD A,078275151949,0,,20220404,99999999,USD,1,497.08,0,0,0,0,0,0,0,0,,,
Region Pricing 250,L10F23Y2DG1,100KA 3PH Y 277/480 SPD,078275151970,0,,20220404,99999999,USD,1,473.02,0,0,0,0,0,0,0,0,,,
Region Pricing 250,L10F23Y2DG2,100KA 3PH Y 277/480 SPD A,078275151987,0,,20220404,99999999,USD,1,497.08,0,0,0,0,0,0,0,0,,,
Region Pricing 250,L5F13D1DG1,50KA 3 PH HLD 120/240 SPD,078275151710,0,,20220404,99999999,USD,1,260.36,0,0,0,0,0,0,0,0,,,
Region Pricing 250,L5F13D1DG2,50KA 3 PH HLD 120/240 SPD A,078275151727,0,,20220404,99999999,USD,1,320.32,0,0,0,0,0,0,0,0,,,
Region Pricing 250,L5F13Y1DG1,50 KA 3 PH Y 120/208 SPD,078275151734,0,,20220404,99999999,USD,1,260.36,0,0,0,0,0,0,0,0,,,
Region Pricing 250,L5F13Y1DG2,50KA 3 PH Y 120/208 SPD  A,078275151741,0,,20220404,99999999,USD,1,320.32,0,0,0,0,0,0,0,0,,,
Region Pricing 250,L5F13Y2DG1,50KA 3 PH Y 277/480 SPD,078275151772,0,,20220404,99999999,USD,1,260.36,0,0,0,0,0,0,0,0,,,
Region Pricing 250,L5F13Y2DG2,50 KA 3PH Y 277/480 SPD A,078275151789,0,,20220404,99999999,USD,1,320.32,0,0,0,0,0,0,0,0,,,
Region Pricing 250,L5F13Y3DG1,50 KA 3PH Y 347/600 SPD,078275151819,0,,20220404,99999999,USD,1,260.36,0,0,0,0,0,0,0,0,,,
Region Pricing 250,L5F13Y3DG2,50KA 3PH Y 347/600 SPD A,078275151826,0,,20220404,99999999,USD,1,320.32,0,0,0,0,0,0,0,0,,,
Region Pricing 250,L5F21S1DG1,50KA 1 PH 120/240 SPD,078275151697,0,,20220404,99999999,USD,1,253.24,0,0,0,0,0,0,0,0,,,
Region Pricing 250,L5F21S1DG2,50KA 1 PH 120/240 SPD  A,078275151703,0,,20220404,99999999,USD,1,315.74,0,0,0,0,0,0,0,0,,,
Region Pricing 250,L5F23Y1DG1,50KA 3 PH Y 120/208 SPD,078275151758,0,,20220404,99999999,USD,1,327.33,0,0,0,0,0,0,0,0,,,
Region Pricing 250,L5F23Y1DG2,50KA 3 PH Y 120/208 SPD A,078275151765,0,,20220404,99999999,USD,1,399.4,0,0,0,0,0,0,0,0,,,
Region Pricing 250,L5F23Y2DG1,50 KA 3PH Y 277/480 SPD,078275151796,0,,20220404,99999999,USD,1,327.33,0,0,0,0,0,0,0,0,,,
Region Pricing 250,L5F23Y2DG2,50 KA 3PH Y 277/480 SPD A,078275151802,0,,20220404,99999999,USD,1,399.4,0,0,0,0,0,0,0,0,,,
Region Pricing 250,MB-DIN,DIN RAIL MTG BASE FOR FM2D50,078275122956,0,,20220404,99999999,USD,1,8.55,0,0,0,0,0,0,0,0,,,
Region Pricing 250,MB-48V,HSG-BASE MNTG UWZ48V SER (S),,0,,20220404,99999999,USD,1,7.91,0,0,0,0,0,0,0,0,,,
Region Pricing 250,MIL72AQTUZ-240,"TIME SW,CLOCK FACE,QTZ,24 HOUR",078275153295,0,,20220404,99999999,USD,1,87.41,0,0,0,0,0,0,0,0,,,
Region Pricing 250,MIL72AQTUZH-120,"TIME SW,CLOCK FACE,QTZ,24 HOUR",078275153318,0,,20220404,99999999,USD,1,91.04,0,0,0,0,0,0,0,0,,,
Region Pricing 250,MIL72AQWUZH-120,"TIME SW,CLOCK FACE,QTZ,7 DAY",078275153325,0,,20220404,99999999,USD,1,126.67,0,0,0,0,0,0,0,0,,,
Region Pricing 250,MIL72ASTUZ-120,"TIME SWITCH,CLOCK FACE,24 HOUR",078275153349,0,,20220404,99999999,USD,1,43.79,0,0,0,0,0,0,0,0,,,
Region Pricing 250,MIL72ASTUZ-240,"TIME SWITCH,CLOCK FACE,24 HOUR",078275153356,0,,20220404,99999999,USD,1,45.53,0,0,0,0,0,0,0,0,,,
Region Pricing 250,MIL72ASTUZH-120,"TIME SWITCH,CLOCK FACE,24 HOUR",078275153363,0,,20220404,99999999,USD,1,46.39,0,0,0,0,0,0,0,0,,,
Region Pricing 250,MIL72ASTUZH-24,"TIME SWITCH,CLOCK FACE,24 HOUR",078275153370,0,,20220404,99999999,USD,1,47.36,0,0,0,0,0,0,0,0,,,
Region Pricing 250,MIL72ASTUZH-240,"TIME SWITCH,CLOCK FACE,24 HOUR",078275153387,0,,20220404,99999999,USD,1,47.38,0,0,0,0,0,0,0,0,,,
Region Pricing 250,MIL72ASWUZH-120,"TIME SWITCH,CLOCK FACE,7 DAY",078275153400,0,,20220404,99999999,USD,1,79.58,0,0,0,0,0,0,0,0,,,
Region Pricing 250,MIL72EQTUZ-24,"TIME SW,CLOCK FACE,QTZ,24 HOUR",078275153417,0,,20220404,99999999,USD,1,78.67,0,0,0,0,0,0,0,0,,,
Region Pricing 250,MIL72EQTUZH-120,"TIME SW,CLOCK FACE,QTZ,24 HOUR",078275153424,0,,20220404,99999999,USD,1,82.39,0,0,0,0,0,0,0,0,,,
Region Pricing 250,MIL72EQWUZH-120,"TIME SW,CLOCK FACE,QTZ,7 DAY",078275153431,0,,20220404,99999999,USD,1,86.95,0,0,0,0,0,0,0,0,,,
Region Pricing 250,MIL72ESTUZ-120,"TIME SWITCH,CLOCK FACE,24 HOUR",078275153448,0,,20220404,99999999,USD,1,44.66,0,0,0,0,0,0,0,0,,,
Region Pricing 250,MIL72ESTUZ-240,"TIME SWITCH,CLOCK FACE,24 HOUR",078275153455,0,,20220404,99999999,USD,1,45.53,0,0,0,0,0,0,0,0,,,
Region Pricing 250,MIL72ESTUZH-120,"TIME SWITCH,CLOCK FACE,24 HOUR",078275153462,0,,20220404,99999999,USD,1,50.12,0,0,0,0,0,0,0,0,,,
Region Pricing 250,MIL72ESWUZH-120,"TIME SWITCH,CLOCK FACE,7 DAY",078275153479,0,,20220404,99999999,USD,1,82.03,0,0,0,0,0,0,0,0,,,
Region Pricing 250,MIL72ESWUZH-240,"TIME SWITCH,CLOCK FACE,7 DAY",078275153486,0,,20220404,99999999,USD,1,83.05,0,0,0,0,0,0,0,0,,,
Region Pricing 250,NF10KL,"PHOTCONT-ELEC,6A,120-277V,NC",078275151123,0,,20220404,99999999,USD,1,12.52,0,0,0,0,0,0,0,0,,,
Region Pricing 250,OK4500R,"OPEN CAP,ANSI",078275151239,0,,20220404,99999999,USD,1,3.83,0,0,0,0,0,0,0,0,,,
Region Pricing 250,OK4500RJ,"OPEN CAP-ANSI, 50 PC BULK",078275151253,0,,20220404,99999999,USD,1,174.9,0,0,0,0,0,0,0,0,,,
Region Pricing 250,PA102,THERMOSTAT-RELAY ASSM,078275097001,0,,20220404,99999999,USD,1,69.72,0,0,0,0,0,0,0,0,,,
Region Pricing 250,PA114,MOUNTING BRACKET,078275098954,0,,20220404,99999999,USD,1,5.16,0,0,0,0,0,0,0,0,,,
Region Pricing 250,PA115,25 OFF TRIPPERS/SCREWS (ND),078275099852,0,,20220404,99999999,USD,1,12.8,0,0,0,0,0,0,0,0,,,
Region Pricing 250,PA117,REPLACEMENT LATCH KIT (25),078275104693,0,,20220404,99999999,USD,1,9.65,0,0,0,0,0,0,0,0,,,
Region Pricing 250,PA119,COMBOCONNECT BRACKET,078275149397,0,,20220404,99999999,USD,1,7.37,0,0,0,0,0,0,0,0,,,
Region Pricing 250,PA122,WATER TEMP SENSOR,078275107366,0,,20220404,99999999,USD,1,48,0,0,0,0,0,0,0,0,,,
Region Pricing 250,PB313E,"ELEC TMR,16A 120V W/BAT",078275077010,0,,20220404,99999999,USD,1,33.74,0,0,0,0,0,0,0,0,,,
Region Pricing 250,PB313EK,120V/24HR ELEC TMR KIT,078275088191,0,,20220404,99999999,USD,1,41.38,0,0,0,0,0,0,0,0,,,
Region Pricing 250,PB314E,"ELEC TMR,16A 240V W/BAT",078275077027,0,,20220404,99999999,USD,1,33.74,0,0,0,0,0,0,0,0,,,
Region Pricing 250,PB314EK,240V/24HR ELEC TMR KIT,078275088207,0,,20220404,99999999,USD,1,41.38,0,0,0,0,0,0,0,0,,,
Region Pricing 250,PB373E,"ELEC TMR,20A,120V W/BAT",078275065642,0,,20220404,99999999,USD,1,33.74,0,0,0,0,0,0,0,0,,,
Region Pricing 250,PB374E,20 A ELECTRONIC TIMER,078275070271,0,,20220404,99999999,USD,1,33.74,0,0,0,0,0,0,0,0,,,
Region Pricing 250,PB873MKZ,7 DAY (Q/C) TIMER W/O OVR,078275701489,0,,20220404,99999999,USD,1,27.97,0,0,0,0,0,0,0,0,,,
Region Pricing 250,PB913N,24HR(Q/C)TMR W/O OVRD(36),999999999993,0,,20220404,99999999,USD,1,26.88,0,0,0,0,0,0,0,0,,,
Customer Discount,PB913N66,24HR(Q/C)TMR W/OVRD-120V,099999999990,0,D2,20220404,20221231,USD,1,30.99,0,0,0,0,0,0,0,0,,,
Region Pricing 250,PB913N84,24 HR TMR W/OVRD 120V,999999999993,0,,20220404,99999999,USD,1,22.39,0,0,0,0,0,0,0,0,,,
Region Pricing 250,PB914N,24HR(Q/C)TMR W/O OVRD(36),999999999993,0,,20220404,99999999,USD,1,29.91,0,0,0,0,0,0,0,0,,,
Region Pricing 250,PB914N66,24HR(Q/C)TMR W/OVRD-240V,099999999990,0,,20220404,99999999,USD,1,32.7,0,0,0,0,0,0,0,0,,,
Region Pricing 250,PB914N84,24 HR TMR W/OVRD 240V,078275125551,0,,20220404,99999999,USD,1,21.36,0,0,0,0,0,0,0,0,,,
Region Pricing 250,PE103,"4 CIR TMR,MTL CASE",078275199545,0,,20220404,99999999,USD,1,164.64,0,0,0,0,0,0,0,0,,,
Region Pricing 250,PE140,MOTORIZED VALVE CONTROL,078275125049,0,,20220404,99999999,USD,1,181.1,0,0,0,0,0,0,0,0,,,
Region Pricing 250,PE153,"3 CIR TMR,MTL CASE",078275092358,0,,20220404,99999999,USD,1,254.96,0,0,0,0,0,0,0,0,,,
Region Pricing 250,PE153F,"3 CIR TMR,FRZ,MTL CASE",078275092365,0,,20220404,99999999,USD,1,325.41,0,0,0,0,0,0,0,0,,,
Region Pricing 250,PE153P,"3 CIR TMR,PTLC CASE",078275092396,0,,20220404,99999999,USD,1,244.76,0,0,0,0,0,0,0,0,,,
Region Pricing 250,PE153PF,"3 CIR TMR,FRZ,PTLC CASE",078275092402,0,,20220404,99999999,USD,1,344.72,0,0,0,0,0,0,0,0,,,
Region Pricing 250,PE20000,EMPTY PE20000 SER ENCL,078275107311,0,,20220404,99999999,USD,1,108.44,0,0,0,0,0,0,0,0,,,
Region Pricing 250,PE21RLY,120V RELAY KIT,078275146037,0,,20220404,99999999,USD,1,43.08,0,0,0,0,0,0,0,0,,,
Region Pricing 250,PE24VA,24 VOLT VALVE ACTUATOR,078275091078,0,,20220404,99999999,USD,1,94.69,0,0,0,0,0,0,0,0,,,
Region Pricing 250,PE25065RC,60A KIT MULTIWAVE ECS SYSTEM,078275145511,0,,20220404,99999999,USD,1,656.51,0,0,0,0,0,0,0,0,,,
Region Pricing 250,PE25300,60 AMP PANEL W/P1353ME,078275086579,0,,20220404,99999999,USD,1,426.37,0,0,0,0,0,0,0,0,,,
Region Pricing 250,PE25300F,60 AMP PANEL W/P1353ME &FREEZE,078275091986,0,,20220404,99999999,USD,1,479.41,0,0,0,0,0,0,0,0,,,
Region Pricing 250,PE30000,EMPTY PE30000 SER ENCL,078275107328,0,,20220404,99999999,USD,1,207.33,0,0,0,0,0,0,0,0,,,
Region Pricing 250,PE30000T3,ENCL ASSY - PE30000T3,078275139961,0,,20220404,99999999,USD,1,211.47,0,0,0,0,0,0,0,0,,,
Region Pricing 250,PE30065RC,80A MULTIWAVE KIT POOL OR SPA,078275125377,0,,20220404,99999999,USD,1,651.87,0,0,0,0,0,0,0,0,,,
Region Pricing 250,PE30065RCT3,80A ENCLOSURE KIT W/ RADIO CON,078275143265,0,,20220404,99999999,USD,1,560.01,0,0,0,0,0,0,0,0,,,
Region Pricing 250,PE35065RC,80 AMP MULTIWAVE ECS PLUS KIT,078275145498,0,,20220404,99999999,USD,1,890.74,0,0,0,0,0,0,0,0,,,
Region Pricing 250,PE35300,80 AMP PANEL W/P1353ME,078275105331,0,,20220404,99999999,USD,1,450.79,0,0,0,0,0,0,0,0,,,
Region Pricing 250,PE653,5 CIR RC TIMER,078275127807,0,,20220404,99999999,USD,1,292.09,0,0,0,0,0,0,0,0,,,
Region Pricing 250,PE653RC,5 CIR RC TIMER W/METAL 3R CASE,078275124738,0,,20220404,99999999,USD,1,520.76,0,0,0,0,0,0,0,0,,,
Region Pricing 250,PE953,I-WAVE WIRELESS TRANSMITTER,078275127586,0,,20220404,99999999,USD,1,198.81,0,0,0,0,0,0,0,0,,,
Region Pricing 250,PF1102,FREEZE CONTROL 240V,078275041769,0,,20220404,99999999,USD,1,125.54,0,0,0,0,0,0,0,0,,,
Region Pricing 250,PF1102M,FREEZE CONTROL 240V MECH ONLY,078275041776,0,,20220404,99999999,USD,1,99.51,0,0,0,0,0,0,0,0,,,
Region Pricing 250,PF1102MT,FREEZE CONTROL W/TMR 240V,078275047082,0,,20220404,99999999,USD,1,149.17,0,0,0,0,0,0,0,0,,,
Region Pricing 250,PF1102T,FREEZE CONTROL W/TMR 240V,078275041783,0,,20220404,99999999,USD,1,196.57,0,0,0,0,0,0,0,0,,,
Region Pricing 250,PF1103,FREEZE CONTROL 120/240V,078275040571,0,,20220404,99999999,USD,1,132.57,0,0,0,0,0,0,0,0,,,
Region Pricing 250,PF1103MT,FRZ CNTRL MECH W/TIMER,078275040601,0,,20220404,99999999,USD,1,153.94,0,0,0,0,0,0,0,0,,,
Region Pricing 250,PF1103T,FRZ CNTRL W/TMR 120/240,078275040595,0,,20220404,99999999,USD,1,202.45,0,0,0,0,0,0,0,0,,,
Region Pricing 250,PF1112T,SWIM POOL/SPA W/T104M&FRZ CNTL,078275071407,0,,20220404,99999999,USD,1,239.13,0,0,0,0,0,0,0,0,,,
Region Pricing 250,PF1202T,2-T104M W/FREEZE PROTECTION,078275073593,0,,20220404,99999999,USD,1,362.28,0,0,0,0,0,0,0,0,,,
Region Pricing 250,PF1222TB1,2-T104M W/FREEZE PROTECTN,078275141131,0,,20220404,99999999,USD,1,435.76,0,0,0,0,0,0,0,0,,,
Region Pricing 250,PJBX52100,COMBOCONNECT JUNCTION BOX XFMR,078275149380,0,,20220404,99999999,USD,1,160.02,0,0,0,0,0,0,0,0,,,
Region Pricing 250,PJB2175,2 LIGHT JUNCTION BOX,078275103498,0,,20220404,99999999,USD,1,25.52,0,0,0,0,0,0,0,0,,,
Region Pricing 250,PJB4175,4 LIGHT JUNCTION BOX,078275094048,0,,20220404,99999999,USD,1,40.84,0,0,0,0,0,0,0,0,,,
Region Pricing 250,PS3000,120/240 SINGLE PHASE SPD,078275141155,0,,20220404,99999999,USD,1,65.78,0,0,0,0,0,0,0,0,,,
Region Pricing 250,PX100,100W POOL LIGHT XFORMER,078275024090,0,,20220404,99999999,USD,1,83.4,0,0,0,0,0,0,0,0,,,
Region Pricing 250,PX100S,100W POOL LIGHT XFORMER,078275067561,0,,20220404,99999999,USD,1,102.1,0,0,0,0,0,0,0,0,,,
Region Pricing 250,PX300,300W POOL LIGHT XFORMER,078275024106,0,,20220404,99999999,USD,1,95.35,0,0,0,0,0,0,0,0,,,
Region Pricing 250,PX300S,300W POOL LIGHT XFORMER,078275067578,0,,20220404,99999999,USD,1,127.4,0,0,0,0,0,0,0,0,,,
Region Pricing 250,PX50,50W POOL LIGHT XFORMER,078275127593,0,,20220404,99999999,USD,1,67.42,0,0,0,0,0,0,0,0,,,
Region Pricing 250,PX50S,50W POOL LIGHT XFORMER,078275127609,0,,20220404,99999999,USD,1,79.71,0,0,0,0,0,0,0,0,,,
Region Pricing 250,PX600,600W POOL LIGHT TRANSFORMER,078275079854,0,,20220404,99999999,USD,1,199.5,0,0,0,0,0,0,0,0,,,
Region Pricing 250,PX600S,600W TRANSFORMER,078275079861,0,,20220404,99999999,USD,1,351.6,0,0,0,0,0,0,0,0,,,
Region Pricing 250,P1101,OUTDOOR TIMER 15A,078275061118,0,,20220404,99999999,USD,1,32.28,0,0,0,0,0,0,0,0,,,
Customer Discount,P1121,OUTDOOR TIMER-15A (12),078275083950,0,D2,20220404,20221231,USD,1,27.04,0,0,0,0,0,0,0,0,,,
Region Pricing 250,P1131,OUTDOOR TIMER 20A,078275060982,0,,20220404,99999999,USD,1,59.83,0,0,0,0,0,0,0,0,,,
Region Pricing 250,P1251P,"PORT.TMR W/GFCI,PC+2 REPTL (6)",078275122147,0,,20220404,99999999,USD,1,99.87,0,0,0,0,0,0,0,0,,,
Region Pricing 250,P1261P,PORT.TMR W/GFCI + 2 REPTL (6),078275067530,0,,20220404,99999999,USD,1,102.17,0,0,0,0,0,0,0,0,,,
Region Pricing 250,P1353ME,3 CIRUIT MECH 240V,078275086609,0,,20220404,99999999,USD,1,233.35,0,0,0,0,0,0,0,0,,,
Region Pricing 250,P1403ME,4 CIRCUIT MECH 120-277V,078275139947,0,,20220404,99999999,USD,1,143.25,0,0,0,0,0,0,0,0,,,
Region Pricing 250,P4043ME,VALVE ACTUATOR CONTROL,078275125032,0,,20220404,99999999,USD,1,164.64,0,0,0,0,0,0,0,0,,,
Region Pricing 250,P5043ME,VALVE/PUMP SWITCH MECH,078275135246,0,,20220404,99999999,USD,1,332.11,0,0,0,0,0,0,0,0,,,
Region Pricing 250,P7103ME,7 DAY MECH 120/240V,078275071582,0,,20220404,99999999,USD,1,92.83,0,0,0,0,0,0,0,0,,,
Region Pricing 250,RC117,AIR HOSE 75',078275701120,0,,20220404,99999999,USD,1,13.9,0,0,0,0,0,0,0,0,,,
Region Pricing 250,RC127B,75' AIR HOSE W/BUTTON,078275065550,0,,20220404,99999999,USD,1,27.73,0,0,0,0,0,0,0,0,,,
Region Pricing 250,RC150,500' AIR HOSE,078275065512,0,,20220404,99999999,USD,1,107.45,0,0,0,0,0,0,0,0,,,
Region Pricing 250,RC2163BFE,"SPA CNTRL W/BRKRS,AUX CNTRL",078275088245,0,,20220404,99999999,USD,1,522.62,0,0,0,0,0,0,0,0,,,
Region Pricing 250,RC2343PT,AIR SW 120/240 4FUNC W/TM,078275048546,0,,20220404,99999999,USD,1,199.24,0,0,0,0,0,0,0,0,,,
Region Pricing 250,RC4G,"AIR BUTTON 1"" ""GUNNITE""",078275064195,0,,20220404,99999999,USD,1,15.66,0,0,0,0,0,0,0,0,,,
Region Pricing 250,RC510,AIR HOSE COUPLER-10 PACK,078275049741,0,,20220404,99999999,USD,1,9.95,0,0,0,0,0,0,0,0,,,
Region Pricing 250,RC6F,"AIR BUTTON-1-1/2"" FBRGLS",078275065536,0,,20220404,99999999,USD,1,15.66,0,0,0,0,0,0,0,0,,,
Region Pricing 250,RC613,MODULAR RADIO RECEIVER,078275067554,0,,20220404,99999999,USD,1,86.94,0,0,0,0,0,0,0,0,,,
Region Pricing 250,RC613L,"MODULAR RADIO RECEIVER W/36""LD",078275071803,0,,20220404,99999999,USD,1,91.32,0,0,0,0,0,0,0,0,,,
Region Pricing 250,RC613R,RADIO RECEIVER-HEAVY DUTY,078275067660,0,,20220404,99999999,USD,1,130.39,0,0,0,0,0,0,0,0,,,
Region Pricing 250,RC939,RADIO TRANSMITTER,078275067585,0,,20220404,99999999,USD,1,66.5,0,0,0,0,0,0,0,0,,,
Region Pricing 250,R8806M101C,CYCLE TIMER W/RELAY,078275148024,0,,20220404,99999999,USD,1,85.83,0,0,0,0,0,0,0,0,,,
Region Pricing 250,R8806P101C,24HR RELAY 14D/S IRRG TMR,078275005105,0,,20220404,99999999,USD,1,97.05,0,0,0,0,0,0,0,0,,,
Region Pricing 250,R8815P101C,24HR 120 IRRG TMR W/RAIN,078275043855,0,,20220404,99999999,USD,1,118.88,0,0,0,0,0,0,0,0,,,
Region Pricing 250,R8816P101C,24HR 240 IRRG TMR W/RAIN,078275027022,0,,20220404,99999999,USD,1,122.22,0,0,0,0,0,0,0,0,,,
Region Pricing 250,SK4500K,SHORTING CAP-ANSI,078275151222,0,,20220404,99999999,USD,1,3.83,0,0,0,0,0,0,0,0,,,
Region Pricing 250,SK4500KJ,"SHORTING CAP-ANSI,50 PC BULK",078275151246,0,,20220404,99999999,USD,1,174.9,0,0,0,0,0,0,0,0,,,
Region Pricing 250,SN4B20P1,"SENSOR-NTC 10K, 2.0M, GREY",078275150966,0,,20220404,99999999,USD,1,6.15,0,0,0,0,0,0,0,0,,,
Region Pricing 250,SN4B20P2-B,"SENSOR-NTC 10K, 2.0M, BLUE",078275151390,0,,20220404,99999999,USD,1,6.15,0,0,0,0,0,0,0,0,,,
Region Pricing 250,SN4B20P3-Y,"SENSOR-NTC 10K, 2.0M, YELLOW",078275151406,0,,20220404,99999999,USD,1,6.15,0,0,0,0,0,0,0,0,,,
Region Pricing 250,SN4B30P1,"SENSOR-NTC 10K, 3.0M, GREY",078275151000,0,,20220404,99999999,USD,1,8.14,0,0,0,0,0,0,0,0,,,
Region Pricing 250,SN4B30P2-B,"SENSOR-NTC 10K, 3.0M, BLUE",078275151413,0,,20220404,99999999,USD,1,8.14,0,0,0,0,0,0,0,0,,,
Region Pricing 250,SN4B30P3-Y,"SENSOR-NTC 10K, 3.0M, YELLOW",078275151420,0,,20220404,99999999,USD,1,8.14,0,0,0,0,0,0,0,0,,,
Region Pricing 250,SN4B50P2-B,"SENSOR-NTC 10K, 5.0M, BLUE",078275151437,0,,20220404,99999999,USD,1,12.36,0,0,0,0,0,0,0,0,,,
Region Pricing 250,SN4B50P3-Y,"SENSOR-NTC 10K, 5.0M, YELLOW",078275151444,0,,20220404,99999999,USD,1,12.36,0,0,0,0,0,0,0,0,,,
Region Pricing 250,STAEMOD-24HRU,"ELEC TIMER,1 CHANNEL,24 HOUR",078275155633,0,,20220404,99999999,USD,1,35.71,0,0,0,0,0,0,0,0,,,
Region Pricing 250,STW700LA,ASCEND SMART WIFI 7DAY TIMER,078275150591,0,,20220404,99999999,USD,1,57.48,0,0,0,0,0,0,0,0,,,
Region Pricing 250,STW700W,ASCEND SMART WIFI 7DAY TIMER,078275149090,0,,20220404,99999999,USD,1,57.48,0,0,0,0,0,0,0,0,,,
Region Pricing 250,ST01,WALL TIMER,078275127562,0,,20220404,99999999,USD,1,43.76,0,0,0,0,0,0,0,0,,,
Region Pricing 250,ST01A,WALL TIMER,078275127579,0,,20220404,99999999,USD,1,43.76,0,0,0,0,0,0,0,0,,,
Region Pricing 250,ST700W,ASCEND STD 7-DAY ASTRO TIMER,078275149083,0,,20220404,99999999,USD,1,45.44,0,0,0,0,0,0,0,0,,,
Region Pricing 250,TALENTO121-120,"TIME SWITCH,1 HOUR",078275153493,0,,20220404,99999999,USD,1,64.38,0,0,0,0,0,0,0,0,,,
Region Pricing 250,TN111RM40,PLUG-IN TIMER    (36),078275097384,0,,20220404,99999999,USD,1,10.06,0,0,0,0,0,0,0,0,,,
Region Pricing 250,TN311,PLUG-IN TIMER,078275127890,0,,20220404,99999999,USD,1,10.2,0,0,0,0,0,0,0,0,,,
Region Pricing 250,T10000R,SWIM POOL/SPA ENCL. ONLY,078275116795,0,,20220404,99999999,USD,1,114.26,0,0,0,0,0,0,0,0,,,
Region Pricing 250,T10004R,SWIM POOL/SPA W/T104M,078275116801,0,,20220404,99999999,USD,1,145.5,0,0,0,0,0,0,0,0,,,
Region Pricing 250,T10004RT1,POOL PNL DPST 100VA TRNSF,078275755031,0,,20220404,99999999,USD,1,216.12,0,0,0,0,0,0,0,0,,,
Region Pricing 250,T10004RT3,POOL PNL DPST 300VA TRANS,078275755048,0,,20220404,99999999,USD,1,241.67,0,0,0,0,0,0,0,0,,,
Customer Discount,T101,TIME SWITCH/STEEL GRAY CASE,078275000018,0,D2,20220404,20221231,USD,1,53.32,0,0,0,0,0,0,0,0,69.95,,
Customer Discount,T101B,T101-ISOLATE IN/OUT TERMS,078275107014,0,D2,20220404,20221231,USD,1,68.91,0,0,0,0,0,0,0,0,,,
Region Pricing 250,T101M,TIME SWITCH MECHANISM,078275000230,0,,20220404,99999999,USD,1,51.78,0,0,0,0,0,0,0,0,,,
Customer Discount,T101P,24HR TIME SWTCH/PLST GRAY CASE,078275000193,0,D2,20220404,20221231,USD,1,82.56,0,0,0,0,0,0,0,0,,,
Region Pricing 250,T101PCD82,T101PC-BIN BOX-6 PACK,078275047839,0,,20220404,99999999,USD,1,70.33,0,0,0,0,0,0,0,0,,,
Customer Discount,T101P201,"T/S IN R/T,PLAS BEIG CASE",078275700574,0,D2,20220404,20221231,USD,1,141.21,0,0,0,0,0,0,0,0,,,
Region Pricing 250,T101P3,"T101-R/T,PLAST/BEIGE CASE",078275026285,0,,20220404,99999999,USD,1,71.45,0,0,0,0,0,0,0,0,,,
Region Pricing 250,T101R,"T101-R/T,STEEL/GRAY CASE",078275000056,0,,20220404,99999999,USD,1,78.97,0,0,0,0,0,0,0,0,109.65,,
Customer Discount,T101R201,TIME SWITCH,078275000063,0,D2,20220404,20221231,USD,1,141.21,0,0,0,0,0,0,0,0,,,
Region Pricing 250,T101R3,"T101-R/T,STEEL/BEIGE CASE",078275026308,0,,20220404,99999999,USD,1,90.78,0,0,0,0,0,0,0,0,,,
Region Pricing 250,T10101R,SWIM POOL SPA W/2-T101M,078275002579,0,,20220404,99999999,USD,1,167.88,0,0,0,0,0,0,0,0,,,
Customer Discount,T102,T/S-STD STEEL(GREY) CASE,078275102217,0,D2,20220404,20221231,USD,1,55.81,0,0,0,0,0,0,0,0,,,
Customer Discount,T102P,24HR TIME SWTCH/PLS GRAY CASE,078275000216,0,D2,20220404,20221231,USD,1,108.4,0,0,0,0,0,0,0,0,,,
Region Pricing 250,T102R,TIME SWITCH,078275102224,0,,20220404,99999999,USD,1,109.48,0,0,0,0,0,0,0,0,,,
Customer Discount,T103,T/S-STD STEEL(GREY) CASE,078275000049,0,D2,20220404,20221231,USD,1,57.85,0,0,0,0,0,0,0,0,,,
Region Pricing 250,T103M,TIME SWITCH MECHANISM,078275000254,0,,20220404,99999999,USD,1,61.87,0,0,0,0,0,0,0,0,,,
Region Pricing 250,T103P,"T103-R/T,PLAST/GRAY CASE",078275000223,0,,20220404,99999999,USD,1,96.83,0,0,0,0,0,0,0,0,,,
Region Pricing 250,T103PCD82,T103PC-BIN BOX-6 PACK,078275047853,0,,20220404,99999999,USD,1,79.93,0,0,0,0,0,0,0,0,,,
Region Pricing 250,T103R,TIME SWITCH,078275020061,0,,20220404,99999999,USD,1,96.83,0,0,0,0,0,0,0,0,,,
Region Pricing 250,T104,TIME SWITCH/STEEL(GREY) CASE,078275000025,0,,20220404,99999999,USD,1,64.98,0,0,0,0,0,0,0,0,89.85,87.75,
Region Pricing 250,T104-20,WATER HEATER TIME SWITCH,078275000131,0,,20220404,99999999,USD,1,71.09,0,0,0,0,0,0,0,0,,,
Region Pricing 250,T104-50,TIME SWITCH 50 CYCLE,078275117143,0,,20220404,99999999,USD,1,71.31,0,0,0,0,0,0,0,0,,,
Region Pricing 250,T104M,TIME SWITCH MECHANISM,078275000261,0,,20220404,99999999,USD,1,60.19,0,0,0,0,0,0,0,0,,,
Region Pricing 250,T104M201,HYDRO KING TS MECH,078275124202,0,,20220404,99999999,USD,1,97.59,0,0,0,0,0,0,0,0,,,
Customer Discount,T104P,"T104-R/T,PLAST/GRAY CASE",078275000162,0,D2,20220404,20221231,USD,1,82.5,0,0,0,0,0,0,0,0,,,
Region Pricing 250,T104PCD82,T104PC-BIN BOX-6 PACK,078275047877,0,,20220404,99999999,USD,1,109.71,0,0,0,0,0,0,0,0,,,
Region Pricing 250,T104P201,TIME SWITCH/PLAS BEIG CASE,078275700581,0,,20220404,99999999,USD,1,132.56,0,0,0,0,0,0,0,0,,,
Region Pricing 250,T104P3,"T104-R/T,PLAST/BEIGE CASE",078275026292,0,,20220404,99999999,USD,1,86.13,0,0,0,0,0,0,0,0,,,
Region Pricing 250,T104R,"T104-R/T,STEEL/GRAY CASE",078275000124,0,,20220404,99999999,USD,1,86.24,0,0,0,0,0,0,0,0,,,
Customer Discount,T104R201,TIME SWITCH,078275000070,0,D2,20220404,20221231,USD,1,154.71,0,0,0,0,0,0,0,0,,,
Region Pricing 250,T104R3,"T104-R/T,STEEL/BEIGE CASE",078275026315,0,,20220404,99999999,USD,1,103.19,0,0,0,0,0,0,0,0,,,
Region Pricing 250,T10404R,SWIM POOL SPA W/2-T104M,078275117105,0,,20220404,99999999,USD,1,180.77,0,0,0,0,0,0,0,0,,,
Customer Discount,T105,T/S-STD STEEL(GREY) CASE,078275800106,0,D2,20220404,20221231,USD,1,76.61,0,0,0,0,0,0,0,0,,,
Region Pricing 250,T106M,TIME SWITCH MECHANISM,078275000285,0,,20220404,99999999,USD,1,68.51,0,0,0,0,0,0,0,0,,,
Region Pricing 250,T106P3,"T106-R/T,PLAST/BEIGE CASE",078275135222,0,,20220404,99999999,USD,1,79.81,0,0,0,0,0,0,0,0,,,
Region Pricing 250,T106R,1NO-1NC 208/277V RTC,078275104280,0,,20220404,99999999,USD,1,116.55,0,0,0,0,0,0,0,0,,,
Region Pricing 250,T10604R,POOL PNL W/T106 AND T104,078275048522,0,,20220404,99999999,USD,1,183.03,0,0,0,0,0,0,0,0,,,
Customer Discount,T1205R,DPST 480V R,078275102255,0,D2,20220404,20221231,USD,1,140.42,0,0,0,0,0,0,0,0,,,
Region Pricing 250,T12404R,SWIM POOL/SPA W/2-TS,078275028739,0,,20220404,99999999,USD,1,194.76,0,0,0,0,0,0,0,0,,,
Customer Discount,T1471BCR,4PST 7DS 110/225V IMT RTC,078275179028,0,D2,20220404,20221231,USD,1,604.51,0,0,0,0,0,0,0,0,,,
Customer Discount,T1471BR,4PST 7DS 110/225V IMT RTC,078275179011,0,D2,20220404,20221231,USD,1,169.64,0,0,0,0,0,0,0,0,,,
Customer Discount,T1472BR,4PST 7DS 208/277V IMT RTC,078275179035,0,D2,20220404,20221231,USD,1,173.32,0,0,0,0,0,0,0,0,,,
Customer Discount,T1475BR,4PST 7DS 480V IMT RTC,078275179097,0,D2,20220404,20221231,USD,1,197.9,0,0,0,0,0,0,0,0,,,
Customer Discount,T171,TIME SWITCH,078275171015,0,D2,20220404,20221231,USD,1,70.79,0,0,0,0,0,0,0,0,,,
Region Pricing 250,T171CR,SPST 7DS 110/125V CO RC,078275171039,0,,20220404,99999999,USD,1,496.86,0,0,0,0,0,0,0,0,,,
Region Pricing 250,T172,TIME SWITCH,078275172210,0,,20220404,99999999,USD,1,106.15,0,0,0,0,0,0,0,0,,,
Customer Discount,T173,TIME SWITCH,078275173019,0,D2,20220404,20221231,USD,1,94.39,0,0,0,0,0,0,0,0,,,
Region Pricing 250,T173CR,DPST 7DS 110/125V C/O RC,078275173033,0,,20220404,99999999,USD,1,504.48,0,0,0,0,0,0,0,0,,,
Region Pricing 250,T173R,TIME SWITCH,078275173026,0,,20220404,99999999,USD,1,149.64,0,0,0,0,0,0,0,0,,,
Customer Discount,T174,TIME SWITCH-SKIPPER,078275174214,0,D2,20220404,20221231,USD,1,112.69,0,0,0,0,0,0,0,0,,,
Region Pricing 250,T174R,TIME SWITCH,078275174221,0,,20220404,99999999,USD,1,153.84,0,0,0,0,0,0,0,0,,,
Region Pricing 250,T175,TIME SWITCH,078275175013,0,,20220404,99999999,USD,1,109.51,0,0,0,0,0,0,0,0,,,
Region Pricing 250,T176,TIME SWITCH,078275176218,0,,20220404,99999999,USD,1,113.81,0,0,0,0,0,0,0,0,,,
Region Pricing 250,T1871BR,2O/2C 7DS 110/125V IMT RC - T1,078275179059,0,,20220404,99999999,USD,1,171.35,0,0,0,0,0,0,0,0,,,
Customer Discount,T1905,TIME SWITCH,078275191013,0,D2,20220404,20221231,USD,1,115.26,0,0,0,0,0,0,0,0,,,
Region Pricing 250,T1905E,TIME SWITCH 480V.,078275117785,0,,20220404,99999999,USD,1,101.06,0,0,0,0,0,0,0,0,,,
Region Pricing 250,T1905HD,TIME SWITCH W METAL DIAL,078275125612,0,,20220404,99999999,USD,1,128.4,0,0,0,0,0,0,0,0,,,
Region Pricing 250,T1905HDM,24HR TIMER METAL DIAL MECH,078275142992,0,,20220404,99999999,USD,1,99.96,0,0,0,0,0,0,0,0,,,
Region Pricing 250,T1905HDR,24HR TIMER METAL DIAL RAINTITE,078275142985,0,,20220404,99999999,USD,1,114.73,0,0,0,0,0,0,0,0,,,
Region Pricing 250,T1905P,T/S PLASTIC R/T CASE,078275040786,0,,20220404,99999999,USD,1,114.7,0,0,0,0,0,0,0,0,,,
Region Pricing 250,T1906,TIME SWITCH,078275193215,0,,20220404,99999999,USD,1,113.14,0,0,0,0,0,0,0,0,,,
Region Pricing 250,T1975,TIME SWITCH,078275192010,0,,20220404,99999999,USD,1,149.38,0,0,0,0,0,0,0,0,,,
Region Pricing 250,T1975E,TIME SWITCH 480VOLT,078275192614,0,,20220404,99999999,USD,1,184.72,0,0,0,0,0,0,0,0,,,
Region Pricing 250,T1975EHD,24 HOUR TIMER WITH 7D SKIPPER,078275127722,0,,20220404,99999999,USD,1,214.43,0,0,0,0,0,0,0,0,,,
Region Pricing 250,T1975EHDR,TIMER 24HR W/ 7D SKIP RAINTITE,078275143005,0,,20220404,99999999,USD,1,238.29,0,0,0,0,0,0,0,0,,,
Region Pricing 250,T1975ER,TIME SWITCH,078275192607,0,,20220404,99999999,USD,1,240.16,0,0,0,0,0,0,0,0,,,
Region Pricing 250,T1975HDR,TIMER 24HR W/ 7D SKIP RAINTITE,078275151512,0,,20220404,99999999,USD,1,184.47,0,0,0,0,0,0,0,0,,,
Region Pricing 250,T1975R,TIME SWITCH RAINTITE,078275192652,0,,20220404,99999999,USD,1,192.59,0,0,0,0,0,0,0,0,,,
Region Pricing 250,T1976,TIME SWITCH,078275194212,0,,20220404,99999999,USD,1,152.49,0,0,0,0,0,0,0,0,,,
Region Pricing 250,T1976R,TIME SWITCH RAINTITE,078275118010,0,,20220404,99999999,USD,1,185.95,0,0,0,0,0,0,0,0,,,
Customer Discount,T2005,7 DAY COMPACT TIME SWITCH,078275460010,0,D2,20220404,20221231,USD,1,151.26,0,0,0,0,0,0,0,0,,,
Region Pricing 250,T2006,7 DAY COMPACT TIME SWITCH,078275460218,0,,20220404,99999999,USD,1,156.53,0,0,0,0,0,0,0,0,,,
Region Pricing 250,T21000R,REPLACEMENT CASE 60 AMP PANEL,078275086913,0,,20220404,99999999,USD,1,115.29,0,0,0,0,0,0,0,0,,,
Customer Discount,T21001R,T101 MECH IN 60 AMP PANEL,078275083455,0,D2,20220404,20221231,USD,1,145.47,0,0,0,0,0,0,0,0,,,
Customer Discount,T21004R,T104 MECH IN 60 AMP PANEL,078275083462,0,D2,20220404,20221231,USD,1,149.95,0,0,0,0,0,0,0,0,,,
Region Pricing 250,T30000R5,S/POOL REPLACEMENT CASE,078275700239,0,,20220404,99999999,USD,1,187.97,0,0,0,0,0,0,0,0,,,
Customer Discount,T30004R,SWIMMING POOL CNTRL DPST,078275124356,0,D2,20220404,20221231,USD,1,203.69,0,0,0,0,0,0,0,0,,,
Region Pricing 250,T30401R,"S/POOL CNTRL DPST,SPST",078275124301,0,,20220404,99999999,USD,1,226.13,0,0,0,0,0,0,0,0,,,
Region Pricing 250,T30404R,"S/POOL CNTRL DPST,DPST",078275124318,0,,20220404,99999999,USD,1,230.56,0,0,0,0,0,0,0,0,,,
Region Pricing 250,T30604R,"S/POOL CNTRL SPDT,DPST",078275098947,0,,20220404,99999999,USD,1,224.43,0,0,0,0,0,0,0,0,,,
Region Pricing 250,T32404R,"S/POOL CTRL.AUX.DPST,DPST",078275124332,0,,20220404,99999999,USD,1,250.71,0,0,0,0,0,0,0,0,,,
Region Pricing 250,T40000RT3,POOL PNL- NO TIMER-300VA TRAN,078275125605,0,,20220404,99999999,USD,1,155.81,0,0,0,0,0,0,0,0,,,
Region Pricing 250,T40000R4,POOL REPLACEMENT CASE,078275043077,0,,20220404,99999999,USD,1,252.89,0,0,0,0,0,0,0,0,,,
Region Pricing 250,T40003RT3,POOL PNL T101M 300W TRANS,078275061675,0,,20220404,99999999,USD,1,277.11,0,0,0,0,0,0,0,0,,,
Region Pricing 250,T40004R,"POOL PNL - 125A, TIMER",078275755017,0,,20220404,99999999,USD,1,210.36,0,0,0,0,0,0,0,0,,,
Region Pricing 250,T40004RT1,POOL PNL DPST-100VA TRANS,078275023772,0,,20220404,99999999,USD,1,255.38,0,0,0,0,0,0,0,0,,,
Region Pricing 250,T40004RT3,POOL PNL DPST-300VA TRANS,078275118133,0,,20220404,99999999,USD,1,277.11,0,0,0,0,0,0,0,0,,,
Region Pricing 250,T40404R,"POOL PNL-125A, TWO TIMERS",078275755024,0,,20220404,99999999,USD,1,243.97,0,0,0,0,0,0,0,0,,,
Region Pricing 250,T40604RT3,POOL PNL- 2 TIMERS-300VA TRAN,078275125599,0,,20220404,99999999,USD,1,283.41,0,0,0,0,0,0,0,0,,,
Customer Discount,T7401B,INTERMATIC 7 DAY T/S,078275461017,0,D2,20220404,20221231,USD,1,150.6,0,0,0,0,0,0,0,0,,,
Region Pricing 250,T7401BC,INTERMATIC 7 DAY T/S,078275465022,0,,20220404,99999999,USD,1,484.88,0,0,0,0,0,0,0,0,,,
Customer Discount,T7401BR,INTERMATIC 7DAY T/S R.T.,078275465039,0,D2,20220404,20221231,USD,1,178.62,0,0,0,0,0,0,0,0,,,
Customer Discount,T7402B,INTERMATIC 7 DAY T/S,078275462212,0,D2,20220404,20221231,USD,1,157.01,0,0,0,0,0,0,0,0,,,
Region Pricing 250,T7402BC,INTERMATIC 7 DAY T/S,078275466227,0,,20220404,99999999,USD,1,491.79,0,0,0,0,0,0,0,0,,,
Customer Discount,T7801B,INTERMATIC 7 DAY T/S,078275463011,0,D2,20220404,20221231,USD,1,150.6,0,0,0,0,0,0,0,0,,,
Region Pricing 250,T7801BC,INTERMATIC 7 DAY T/S,078275467033,0,,20220404,99999999,USD,1,484.88,0,0,0,0,0,0,0,0,,,
Region Pricing 250,T7802B,INTERMATIC 7 DAY T/S,078275464216,0,,20220404,99999999,USD,1,158.59,0,0,0,0,0,0,0,0,,,
Region Pricing 250,T8805M101C,24 HR CYCLE W/SELECTOR SW,078275118225,0,,20220404,99999999,USD,1,85.1,0,0,0,0,0,0,0,0,,,
Region Pricing 250,T8805P101C,24HR 14DAY SKPR IRRIG TMR,078275700758,0,,20220404,99999999,USD,1,100.93,0,0,0,0,0,0,0,0,,,
Region Pricing 250,T8845PV,24HR 24V 14 D/S IRRIG TMR,078275700741,0,,20220404,99999999,USD,1,72.44,0,0,0,0,0,0,0,0,,,
Region Pricing 250,UWZ48-120U,"AC HOUR METER,120V",078275153516,0,,20220404,99999999,USD,1,44.67,0,0,0,0,0,0,0,0,,,
Region Pricing 250,UWZ48-24U,"AC HOUR METER,24V",078275153554,0,,20220404,99999999,USD,1,44.67,0,0,0,0,0,0,0,0,,,
Region Pricing 250,UWZ48-240U,"AC HOUR METER,240V",078275153530,0,,20220404,99999999,USD,1,46.44,0,0,0,0,0,0,0,0,,,
Region Pricing 250,UWZ48E-120U,"AC HOUR METER,120V,FLUSH MOUNT",078275153578,0,,20220404,99999999,USD,1,43.54,0,0,0,0,0,0,0,0,,,
Region Pricing 250,UWZ48E-24U,"AC HOUR METER,24V,FLUSH MOUNT",078275153608,0,,20220404,99999999,USD,1,43.54,0,0,0,0,0,0,0,0,,,
Region Pricing 250,UWZ48E-240,"AC HOUR METER,240V,FLUSH MOUNT",078275153585,0,,20220404,99999999,USD,1,40.77,0,0,0,0,0,0,0,0,,,
Region Pricing 250,UWZ48E-240U,"AC HOUR METER,240V,FLUSH MOUNT",078275153592,0,,20220404,99999999,USD,1,43.54,0,0,0,0,0,0,0,0,,,
Region Pricing 250,UWZ48V-120U,"AC HOUR METER,120V,DINRAIL MNT",078275153622,0,,20220404,99999999,USD,1,49.75,0,0,0,0,0,0,0,0,,,
Region Pricing 250,UWZ48V-24U,"AC HOUR METER,24V,DINRAIL MNT",078275153639,0,,20220404,99999999,USD,1,50.58,0,0,0,0,0,0,0,0,,,
Region Pricing 250,UWZ52E-120U,"AC HOUR METER,120V,FLUSH MOUNT",078275152946,0,,20220404,99999999,USD,1,43.54,0,0,0,0,0,0,0,0,,,
Region Pricing 250,WG1570-10,MOTOR-125V 60HZ W/ LEADS,078275119116,0,,20220404,99999999,USD,1,28.64,0,0,0,0,0,0,0,0,,,
Region Pricing 250,WG1570-10D,"MOTOR-BOXED,125V 60HZ",078275020115,0,,20220404,99999999,USD,1,28.64,0,0,0,0,0,0,0,0,,,
Region Pricing 250,WG1571-10D,"MOTOR-BOXED,125V 50HZ",078275119192,0,,20220404,99999999,USD,1,35.34,0,0,0,0,0,0,0,0,,,
Region Pricing 250,WG1573-10D,"MOTOR-BOXED,208/277V 60HZ",078275020122,0,,20220404,99999999,USD,1,30.03,0,0,0,0,0,0,0,0,,,
Region Pricing 250,WG1574-10D,"MOTOR-BOXED,250V 50HZ",078275119321,0,,20220404,99999999,USD,1,38.66,0,0,0,0,0,0,0,0,,,
Region Pricing 250,WG1576-10D,"MOTOR-BOXED,480V 60HZ",078275119383,0,,20220404,99999999,USD,1,49.6,0,0,0,0,0,0,0,0,,,
Customer Discount,WG1600-11,MOTOR-125V 60HZ W/ GEAR COVER,078275119390,0,D2,20220404,20221231,USD,1,26.99,0,0,0,0,0,0,0,0,,,
Region Pricing 250,WG1603-11D,"MOTOR-BOXED,208/277V 60HZ",078275119451,0,,20220404,99999999,USD,1,28.99,0,0,0,0,0,0,0,0,,,
Region Pricing 250,WG1604-11D,"MOTOR-BOXED,208/277V 50HZ",078275072633,0,,20220404,99999999,USD,1,26.21,0,0,0,0,0,0,0,0,,,
Region Pricing 250,WG190-15D,"MOTOR-BOXED,125V 60HZ",078275119567,0,,20220404,99999999,USD,1,26.48,0,0,0,0,0,0,0,0,,,
Region Pricing 250,WG430-20D,"MOTOR-BOXED,125V 60HZ",078275020092,0,,20220404,99999999,USD,1,28.64,0,0,0,0,0,0,0,0,,,
Region Pricing 250,WG433-20D,"MOTOR-BOXED,208/277V 60HZ",078275020108,0,,20220404,99999999,USD,1,30.03,0,0,0,0,0,0,0,0,,,
Region Pricing 250,WG436-20,MOTOR- 480V 60HZ W/LEADS,,0,,20220404,99999999,USD,1,49.6,0,0,0,0,0,0,0,0,,,
Region Pricing 250,WG630D,"MOTOR-BOXED,125V 60HZ",078275020139,0,,20220404,99999999,USD,1,28.64,0,0,0,0,0,0,0,0,,,
Region Pricing 250,WG720-10D,"MOTOR-BOXED,125V 60HZ",078275119970,0,,20220404,99999999,USD,1,27.25,0,0,0,0,0,0,0,0,,,
Region Pricing 250,WG730-14D,"MOTOR-BOXED,125V 60HZ",078275054295,0,,20220404,99999999,USD,1,27.25,0,0,0,0,0,0,0,0,,,
Region Pricing 250,WG733-14D,"MOTOR-BOXED,208/277V 60HZ",078275054301,0,,20220404,99999999,USD,1,28.99,0,0,0,0,0,0,0,0,,,
Region Pricing 250,WG736-14,MOTOR-480V 60HZ W/LEADS,078275054318,0,,20220404,99999999,USD,1,49.6,0,0,0,0,0,0,0,0,,,
Region Pricing 250,WG736-14D,"MOTOR-BOXED,480V 60HZ",078275072657,0,,20220404,99999999,USD,1,49.6,0,0,0,0,0,0,0,0,,,
Region Pricing 250,WHAVQ4,"WATER HEATER TIMER, 24HR",078275140998,0,,20220404,99999999,USD,1,88.65,0,0,0,0,0,0,0,0,,,
Region Pricing 250,WH21,25A WATER HEATER T/S 250V,078275007024,0,,20220404,99999999,USD,1,49.39,0,0,0,0,0,0,0,0,,,
Region Pricing 250,WH2725AT,"T/S-ELEC,2CH,7DAY,INDOOR ENCL",078275149991,0,,20220404,99999999,USD,1,107.97,0,0,0,0,0,0,0,0,,,
Region Pricing 250,WH40,40A TIME SWITCH 250V W/H (12),078275007406,0,,20220404,99999999,USD,1,70.1,0,0,0,0,0,0,0,0,,,
Region Pricing 250,WP1000C,WEATHER COVER SGL STD,078275022515,0,,20220404,99999999,USD,1,8.48,0,0,0,0,0,0,0,0,,,
Region Pricing 250,WP1000GC,WEATHER PROOF SGL COVER,078275043992,0,,20220404,99999999,USD,1,8.48,0,0,0,0,0,0,0,0,,,
Customer Discount,WP1000HC,WEATHER PROOF SGL HZ CVR,078275028081,0,D2,20220404,20221231,USD,1,8.43,0,0,0,0,0,0,0,0,,,
Region Pricing 250,WP1000HGC,WEATHER PROOF SGL HZ CVR,078275044036,0,,20220404,99999999,USD,1,8.48,0,0,0,0,0,0,0,0,,,
Region Pricing 250,WP101,1 GANG DUPLEX,078275043329,0,,20220404,99999999,USD,1,2.46,0,0,0,0,0,0,0,0,,,
Region Pricing 250,WP1010C,WEATHER COVER SGL (DEEP),078275022522,0,,20220404,99999999,USD,1,8.43,0,0,0,0,0,0,0,0,,,
Region Pricing 250,WP1010HC,WEATHER PRF SGL HZ CVR DP,078275028098,0,,20220404,99999999,USD,1,8.43,0,0,0,0,0,0,0,0,,,
Customer Discount,WP1010HMXD,X DUTY ALUM CVR H SGL,078275130128,0,D2,20220404,20221231,USD,1,14.27,0,0,0,0,0,0,0,0,,,
Customer Discount,WP1010MXD,X DUTY ALUM CVR V SGL,078275130135,0,D2,20220404,20221231,USD,1,14.27,0,0,0,0,0,0,0,0,,,
Region Pricing 250,WP102,1 GANG GFCI,078275043336,0,,20220404,99999999,USD,1,2.37,0,0,0,0,0,0,0,0,,,
Region Pricing 250,WP1020C,WEATHER CVR STD (6),078275003224,0,,20220404,99999999,USD,1,11.02,0,0,0,0,0,0,0,0,,,
Customer Discount,WP1030C,WEATHER CVR DEEP,078275003231,0,D2,20220404,20221231,USD,1,14.09,0,0,0,0,0,0,0,0,,,
Customer Discount,WP1030MXD,X DUTY ALUM CVR DBL,078275130142,0,D2,20220404,20221231,USD,1,20.7,0,0,0,0,0,0,0,0,,,
Region Pricing 250,WP1050,WEATHER PROOF COVER JUMBO,078275028135,0,,20220404,99999999,USD,1,17.63,0,0,0,0,0,0,0,0,,,
Region Pricing 250,WP107,ROUND RECEPTICAL,078275062627,0,,20220404,99999999,USD,1,2.35,0,0,0,0,0,0,0,0,,,
Customer Discount,WP1100C,"W/P COVER,SGL,VERT/HORZ (6)",078275072817,0,D2,20220404,20221231,USD,1,8.43,0,0,0,0,0,0,0,0,,,
Customer Discount,WP1100WC,"W/P COVER,SGL,VERT/HORZ (6)",078275087897,0,D2,20220404,20221231,USD,1,8.43,0,0,0,0,0,0,0,0,,,
Customer Discount,WP1110C,"W/P COVER,DEEP,SGL-VRT/HRZ (6)",078275072824,0,D2,20220404,20221231,USD,1,8.43,0,0,0,0,0,0,0,0,,,
Customer Discount,WP1150C,SGL GNG CVR-VERT OR HORZ-JUMBO,078275072831,0,D2,20220404,20221231,USD,1,12.37,0,0,0,0,0,0,0,0,,,
Region Pricing 250,WP1220C,DOUBLE GANG CVR-STD,078275072695,0,,20220404,99999999,USD,1,10.46,0,0,0,0,0,0,0,0,,,
Customer Discount,WP1230C,DOUBLE GANG CVR-DEEP,078275072701,0,D2,20220404,20221231,USD,1,10.37,0,0,0,0,0,0,0,0,,,
Customer Discount,WP1250C,DOUBLE GANG CVR-JUMB0,078275072718,0,D2,20220404,20221231,USD,1,17.45,0,0,0,0,0,0,0,0,,,
Customer Discount,WP1250MVXD,X DUTY ALUM CVR V SGL JUM,078275130104,0,D2,20220404,20221231,USD,1,21.3,0,0,0,0,0,0,0,0,,,
Customer Discount,WP1250MXD,X DUTY ALUM CVR DBL JUM,078275130111,0,D2,20220404,20221231,USD,1,22.31,0,0,0,0,0,0,0,0,,,
Region Pricing 250,WP17,SINGLE GANG INSERTS,078275072992,0,,20220404,99999999,USD,1,2.26,0,0,0,0,0,0,0,0,,,
Customer Discount,WP213,1 GANG COMBO RECEPTICAL,078275062634,0,D2,20220404,20221231,USD,1,2.44,0,0,0,0,0,0,0,0,,,
Customer Discount,WP217,DOUBLE GANG INSERTS,078275073005,0,D2,20220404,20221231,USD,1,2.44,0,0,0,0,0,0,0,0,,,
Customer Discount,WP3100C,"IN-USE CVR,SGL,VRT/HRZ (20)",078275106093,0,D2,20220404,20221231,USD,1,5.18,0,0,0,0,0,0,0,0,,,
Region Pricing 250,WP3103C,IN-USE CVR W/ROUND BOX ADAPTER,078275124721,0,,20220404,99999999,USD,1,8.81,0,0,0,0,0,0,0,0,,,
Customer Discount,WP3110MXD,X DUTY ALUM CVR V SGL TH,078275130098,0,D2,20220404,20221231,USD,1,14.29,0,0,0,0,0,0,0,0,,,
Customer Discount,WP5000BL,"W/P CVR,SGL,VRT/HRZ 2.25 BLK",078275145580,0,D2,20220404,20221231,USD,1,6.34,0,0,0,0,0,0,0,0,,,
Customer Discount,WP5000C,"W/P CVR,SGL,VRT/HRZ 2.25 CLEAR",078275145276,0,D2,20220404,20221231,USD,1,5.7,0,0,0,0,0,0,0,0,,,
Region Pricing 250,WP5000G,"W/P CVR,SGL,VRT/HRZ 2.25 GREY",078275145283,0,,20220404,99999999,USD,1,8.52,0,0,0,0,0,0,0,0,,,
Customer Discount,WP5000W,"W/P CVR,SGL,VRT/HRZ 2.25 WHTE",078275145597,0,D2,20220404,20221231,USD,1,8.44,0,0,0,0,0,0,0,0,,,
Customer Discount,WP5100BL,"W/P CVR,SGL,VRT/HRZ 2.75 BLK",078275145665,0,D2,20220404,20221231,USD,1,6.34,0,0,0,0,0,0,0,0,,,
Customer Discount,WP5100BR,"W/P CVR,SGL,VRT/HRZ 2.75 BRNZ",078275145627,0,D2,20220404,20221231,USD,1,6.34,0,0,0,0,0,0,0,0,,,
Customer Discount,WP5100C,"W/P CVR,SGL,VRT/HRZ 2.75 CLEAR",078275145290,0,D2,20220404,20221231,USD,1,5.7,0,0,0,0,0,0,0,0,,,
Customer Discount,WP5100G,"W/P CVR,SGL,VRT/HRZ 2.75 GREY",078275145306,0,D2,20220404,20221231,USD,1,6.34,0,0,0,0,0,0,0,0,,,
Customer Discount,WP5100W,"W/P CVR,SGL,VRT/HRZ 2.75 WHTE",078275145672,0,D2,20220404,20221231,USD,1,6.34,0,0,0,0,0,0,0,0,,,
Region Pricing 250,WP5103C,"W/P CVR,SGL,VRT/HRZ 2.75 CLEAR",078275147669,0,,20220404,99999999,USD,1,9.6,0,0,0,0,0,0,0,0,,,
Customer Discount,WP5110C,"W/P CVR,SGL,VRT/HRZ3.625 CLEAR",078275145313,0,D2,20220404,20221231,USD,1,9.94,0,0,0,0,0,0,0,0,,,
Region Pricing 250,WP5220B,"W/P CVR,DBL,VRT 2.25 CLAY",078275145771,0,,20220404,99999999,USD,1,13.2,0,0,0,0,0,0,0,0,,,
Region Pricing 250,WP5220BL,"W/P CVR,DBL,VRT 2.25 BLK",078275145825,0,,20220404,99999999,USD,1,13.2,0,0,0,0,0,0,0,0,,,
Region Pricing 250,WP5220C,"W/P CVR,DOUBLE GANG,2.25 CLEAR",078275145337,0,,20220404,99999999,USD,1,13.2,0,0,0,0,0,0,0,0,,,
Region Pricing 250,WP5220G,"W/P CVR,DOUBLE GANG,2.25 GREY",078275145344,0,,20220404,99999999,USD,1,13.2,0,0,0,0,0,0,0,0,,,
Region Pricing 250,WP5220W,"W/P CVR,DBL,VRT 2.25 WHITE",078275145832,0,,20220404,99999999,USD,1,13.2,0,0,0,0,0,0,0,0,,,
Region Pricing 250,WP5221C,"W/P CVR, DBL GANG, 2.25 C INTS",078275147683,0,,20220404,99999999,USD,1,13.2,0,0,0,0,0,0,0,0,,,
Customer Discount,WP5225C,"W/P CVR,DOUBLE GANG,2.75 CLEAR",078275145351,0,D2,20220404,20221231,USD,1,14.58,0,0,0,0,0,0,0,0,,,
Region Pricing 250,WP5225G,"W/P CVR,DOUBLE GANG,2.75 GREY",078275145368,0,,20220404,99999999,USD,1,14.72,0,0,0,0,0,0,0,0,,,
Customer Discount,WP5240C,"W/P CVR,DOUBLE GANG,3.625CLEAR",078275145375,0,D2,20220404,20221231,USD,1,15.95,0,0,0,0,0,0,0,0,,,
Customer Discount,WP5500C,"W/P CVR, DBL, 30/50 AMP CLEAR",078275145399,0,D2,20220404,20221231,USD,1,20.91,0,0,0,0,0,0,0,0,,,
Region Pricing 250,WP6000BR,"WP LOW PRO, SD, SG, BRONZE",078275149922,0,,20220404,99999999,USD,1,8.42,0,0,0,0,0,0,0,0,,,
Region Pricing 250,WP6000G,"WP LOW PRO, SD, SG, GREY",078275149908,0,,20220404,99999999,USD,1,8.42,0,0,0,0,0,0,0,0,,,
Region Pricing 250,WP6000W,"WP LOW PRO, SD, SG, WHITE",078275149915,0,,20220404,99999999,USD,1,8.42,0,0,0,0,0,0,0,0,,,
Region Pricing 250,WP6200G,"WP LOW PRO, SD, DG, GREY",078275149960,0,,20220404,99999999,USD,1,13.27,0,0,0,0,0,0,0,0,,,
Region Pricing 250,WP7000BR,"WP LOW PRO, XD, SG, BRONZE",078275149892,0,,20220404,99999999,USD,1,9.58,0,0,0,0,0,0,0,0,,,
Region Pricing 250,WP7000G,"WP LOW PRO, XD, SG, GREY",078275149878,0,,20220404,99999999,USD,1,9.58,0,0,0,0,0,0,0,0,,,
Region Pricing 250,WP7000W,"WP LOW PRO, XD, SG, WHITE",078275149885,0,,20220404,99999999,USD,1,9.58,0,0,0,0,0,0,0,0,,,
Region Pricing 250,WP7003G,"W/P LOW PRO,XD,SG",078275150539,0,,20220404,99999999,USD,1,11.64,0,0,0,0,0,0,0,0,,,
Region Pricing 250,WP7200BR,"WP LOW PRO, XD, DG, BRONZE",078275149953,0,,20220404,99999999,USD,1,14.44,0,0,0,0,0,0,0,0,,,
Region Pricing 250,WP7200G,"WP LOW PRO, XD, DG, GREY",078275149939,0,,20220404,99999999,USD,1,14.44,0,0,0,0,0,0,0,0,,,
Region Pricing 250,WP7200W,"WP LOW PRO, XD, DG, WHITE",078275149946,0,,20220404,99999999,USD,1,14.44,0,0,0,0,0,0,0,0,,,
Region Pricing 250,0MC1F02001,"TERMINAL BLOCK, 2 POSITION",078275151369,0,,20220404,99999999,USD,1,1.16,0,0,0,0,0,0,0,0,,,
Region Pricing 250,0MC1F06001,"TERMINAL BLOCK, 6 POSITION",078275151376,0,,20220404,99999999,USD,1,1.84,0,0,0,0,0,0,0,0,,,
Region Pricing 250,0MC1F08001,"TERMINAL BLOCK, 8 POSITION",078275151093,0,,20220404,99999999,USD,1,2.1,0,0,0,0,0,0,0,0,,,
Region Pricing 250,107SB189,"TRIPPER-ON,24 HR,RED (S)",078275100374,0,,20220404,99999999,USD,1,0.06,0,0,0,0,0,0,0,0,,,
Region Pricing 250,107SB192,"TRIPPER-OFF,24 HR,BLK (S)",078275100381,0,,20220404,99999999,USD,1,0.07,0,0,0,0,0,0,0,0,,,
Region Pricing 250,107TN221,"CLIP-TRIPPER,OFF,24HR(S)",,0,,20220404,99999999,USD,1,0.07,0,0,0,0,0,0,0,0,,,
Region Pricing 250,107TN222,"CLIP-TRIPPER,ON,24HR (S)",,0,,20220404,99999999,USD,1,0.07,0,0,0,0,0,0,0,0,,,
Region Pricing 250,107T119,TRIPPER SWITCH #2 (S),078275100404,0,,20220404,99999999,USD,1,0.32,0,0,0,0,0,0,0,0,,,
Region Pricing 250,107T73,TRIPPER-CLIP(S002),078275100497,0,,20220404,99999999,USD,1,0.31,0,0,0,0,0,0,0,0,,,
Region Pricing 250,119T340,"TRANS-120V/60HZ,300VA(S)",000000000000,0,,20220404,99999999,USD,1,65.93,0,0,0,0,0,0,0,0,,,
Region Pricing 250,119T86A,TRANSFORMER ASSY      (S),078275100770,0,,20220404,99999999,USD,1,20.46,0,0,0,0,0,0,0,0,,,
Region Pricing 250,124--00139A,"INSLTR-BREAKER BASE,4POLE",,0,,20220404,99999999,USD,1,26.33,0,0,0,0,0,0,0,0,,,
Region Pricing 250,124--00140A,"INSLTR-BREAKER BASE,8POLE",,0,,20220404,99999999,USD,1,28.76,0,0,0,0,0,0,0,0,,,
Region Pricing 250,124T1948,INSLTR-SCRND-1 POLE  (SM644),078275800229,0,,20220404,99999999,USD,1,2.34,0,0,0,0,0,0,0,0,,,
Region Pricing 250,124T1952,INSLTR-SCREENED TS SER (SM0644,078275800236,0,,20220404,99999999,USD,1,1.33,0,0,0,0,0,0,0,0,,,
Region Pricing 250,124T2097,INSULATOR-SCREENED  (S013),078275101210,0,,20220404,99999999,USD,1,1.71,0,0,0,0,0,0,0,0,,,
Region Pricing 250,124T2411A,T/S INSULATOR 10 PACK    (ND),999999999993,0,,20220404,99999999,USD,1,11.65,0,0,0,0,0,0,0,0,,,
Region Pricing 250,131T68GA,CARRYOVER SW-GA (OEM) (S),078275211704,0,,20220404,99999999,USD,1,399.11,0,0,0,0,0,0,0,0,,,
Region Pricing 250,133RC1144,"SWITCH-AIR,MOMENTARY (S)",078275051652,0,,20220404,99999999,USD,1,15.23,0,0,0,0,0,0,0,0,,,
Region Pricing 250,133T698A,SWITCH ASSEMBLY (S001),078275102408,0,,20220404,99999999,USD,1,6.34,0,0,0,0,0,0,0,0,,,
Region Pricing 250,133T700A,SWITCH ASSEMBLY (S001),078275102415,0,,20220404,99999999,USD,1,19.99,0,0,0,0,0,0,0,0,,,
Region Pricing 250,133T701A,SWITCH ASSEMBLY (S001),078275102422,0,,20220404,99999999,USD,1,10.34,0,0,0,0,0,0,0,0,,,
Region Pricing 250,133T773A,SWITCH ASSY  (S001),078275102453,0,,20220404,99999999,USD,1,10.35,0,0,0,0,0,0,0,0,,,
Region Pricing 250,143PS307,"RELAY-DPST,3HP,24VDC (S)",,0,,20220404,99999999,USD,1,34.31,0,0,0,0,0,0,0,0,,,
Region Pricing 250,143RC140,RELAY-4 FUNCTION   (S),078275051645,0,,20220404,99999999,USD,1,69.9,0,0,0,0,0,0,0,0,,,
Region Pricing 250,143RC151,"RELAY-DPST,3HP,24V (S)",000000000000,0,,20220404,99999999,USD,1,19.72,0,0,0,0,0,0,0,0,,,
Region Pricing 250,143T135,"RELAY-DPST,3HP,240V  (S)",078275046498,0,,20220404,99999999,USD,1,37.31,0,0,0,0,0,0,0,0,,,
Region Pricing 250,143T136,"RELAY-DPST,3HP,120V  (S)",078275046504,0,,20220404,99999999,USD,1,34.83,0,0,0,0,0,0,0,0,,,
Region Pricing 250,143T145A,RELAY ASSY-ACCESSORY (S001),078275123748,0,,20220404,99999999,USD,1,19.29,0,0,0,0,0,0,0,0,,,
Region Pricing 250,146MT577,KNOB-WALL SWITCH (S005),,0,,20220404,99999999,USD,1,0.96,0,0,0,0,0,0,0,0,,,
Region Pricing 250,146MT579,KNOB-WALL SWITCH (S005),,0,,20220404,99999999,USD,1,0.95,0,0,0,0,0,0,0,0,,,
Region Pricing 250,148FD5054,DIAL-SCREENED  (S),,0,,20220404,99999999,USD,1,2.63,0,0,0,0,0,0,0,0,,,
Region Pricing 250,148FD5060,DIAL-SCREENED  (S),,0,,20220404,99999999,USD,1,2.63,0,0,0,0,0,0,0,0,,,
Region Pricing 250,148FD5065,DIAL-SCREENED  (S),,0,,20220404,99999999,USD,1,2.6,0,0,0,0,0,0,0,0,,,
Region Pricing 250,156--01318A,PKG-DTAV40 PLATE ASSY (ND),,0,,20220404,99999999,USD,1,3.53,0,0,0,0,0,0,0,0,,,
Region Pricing 250,156EB1945A,PACKING ASSY-TRIPPER (ND),078275002128,0,,20220404,99999999,USD,1,2.45,0,0,0,0,0,0,0,0,,,
Region Pricing 250,156PA13714A,"3/4"" NONMETALLIC HUB KIT (ND)",999999999993,0,,20220404,99999999,USD,1,19,0,0,0,0,0,0,0,0,,,
Region Pricing 250,156PA13715A,"1"" NONMETALLIC HUB KIT (ND)",999999999993,0,,20220404,99999999,USD,1,19,0,0,0,0,0,0,0,0,,,
Region Pricing 250,156PB10398A,PKG ASSY-TRIPPERS (S),078275125391,0,,20220404,99999999,USD,1,1.16,0,0,0,0,0,0,0,0,,,
Customer Discount,156T1948A,PKG-5 TRIPPER BAG ASSY  (ND),078275211315,0,D2,20220404,20221231,USD,1,3.51,0,0,0,0,0,0,0,0,,,
Customer Discount,156T1950A,PACKING ACCESSORIES (ND),078275211339,0,D2,20220404,20221231,USD,1,2.79,0,0,0,0,0,0,0,0,,,
Region Pricing 250,156T1954A,PACK.ACCESS-TRIP(OEM)(ND),078275211421,0,,20220404,99999999,USD,1,3.55,0,0,0,0,0,0,0,0,,,
Region Pricing 250,156T1957A,PACK.ACCESS-SKIP(OEM)(ND),078275211414,0,,20220404,99999999,USD,1,2.82,0,0,0,0,0,0,0,0,,,
Customer Discount,156T1978A,PACK-ASSY-TRIPRS(OEM)(ND),078275002135,0,D2,20220404,20221231,USD,1,2.32,0,0,0,0,0,0,0,0,,,
Region Pricing 250,156T2548A,PKG-14 TRIPPER BAG ASSY  (ND),078275211384,0,,20220404,99999999,USD,1,14.21,0,0,0,0,0,0,0,0,,,
Region Pricing 250,156T3085A,PACK ACCESS-SKIP(OEM)(ND),078275600713,0,,20220404,99999999,USD,1,2.08,0,0,0,0,0,0,0,0,,,
Region Pricing 250,156T3230A,PACKING ASSEMBLY (ND),078275600706,0,,20220404,99999999,USD,1,3.7,0,0,0,0,0,0,0,0,,,
Region Pricing 250,156T3492A,PKG ASSY-TRIP 1 SET (ND),078275104648,0,,20220404,99999999,USD,1,1.9,0,0,0,0,0,0,0,0,,,
Customer Discount,156T4042A,"HTR CNTRL,FIREMAN,SW KIT (ND)",078275701137,0,D2,20220404,20221231,USD,1,21.03,0,0,0,0,0,0,0,0,,,
Region Pricing 250,156T6738A,PACKING-BAG ASSY (A),078275023109,0,,20220404,99999999,USD,1,3.88,0,0,0,0,0,0,0,0,,,
Region Pricing 250,178GR10K-1,DEFROST MODULE THERMO PROBE,078275148550,0,,20220404,99999999,USD,1,26.92,0,0,0,0,0,0,0,0,,,
Customer Discount,178PA28A,TSTAT-FREEZE PROBE KIT (ND),078275087972,0,D2,20220404,20221231,USD,1,60.25,0,0,0,0,0,0,0,0,,,
Region Pricing 250,178T24,TSTAT-FREEZE PROTECT(S),078275046511,0,,20220404,99999999,USD,1,37.98,0,0,0,0,0,0,0,0,,,
Region Pricing 250,188RC1712A,PCB ASM-HAND/WAVE (S),,0,,20220404,99999999,USD,1,117.16,0,0,0,0,0,0,0,0,,,
Region Pricing 250,2T2040GA,CASE-STD INDOOR (OEM) (S),078275210141,0,,20220404,99999999,USD,1,15.84,0,0,0,0,0,0,0,0,,,
Region Pricing 250,2T2331GA,CASE-RAINTITE (OEM) (S),078275600829,0,,20220404,99999999,USD,1,66.47,0,0,0,0,0,0,0,0,,,
Region Pricing 250,2T2365GA,"CASE-OEM,FLUSH W/LOCK (ND)",078275800069,0,,20220404,99999999,USD,1,129.22,0,0,0,0,0,0,0,0,,,
Region Pricing 250,2T2485GA,CASE-RAINTITE (OEM),078275701595,0,,20220404,99999999,USD,1,63.41,0,0,0,0,0,0,0,0,,,
Region Pricing 250,2T2500GA,CASE GR.-PLAST.R/T(OEM)(S,078275700598,0,,20220404,99999999,USD,1,66.47,0,0,0,0,0,0,0,0,,,
Region Pricing 250,2T2502GA,CASE GROUP-R/T.  (OEM)(S),078275114210,0,,20220404,99999999,USD,1,63.41,0,0,0,0,0,0,0,0,,,
Region Pricing 250,2T308A,"CASE-FLUSH W/LOCK,OEM,(S)",078275210028,0,,20220404,99999999,USD,1,143,0,0,0,0,0,0,0,0,,,
Region Pricing 250,2T511GA,CASE-RAINTITE (OEM),078275210059,0,,20220404,99999999,USD,1,66.47,0,0,0,0,0,0,0,0,,,
Region Pricing 250,21T156A,(4)SPACER-BAGGY ASSY (S),078275025073,0,,20220404,99999999,USD,1,6.79,0,0,0,0,0,0,0,0,,,
Region Pricing 250,21T166A,(2) SPACER-BAGGIE ASSY(S),,0,,20220404,99999999,USD,1,7.59,0,0,0,0,0,0,0,0,,,
Region Pricing 250,22LG0120,"BRKT-LIGHT ADJUST,EK P/C",078275148802,0,,20220404,99999999,USD,1,0.23,0,0,0,0,0,0,0,0,,,
Region Pricing 250,22LG116,"BRKT-LIGHT ADJUST,KP P/C",078275148796,0,,20220404,99999999,USD,1,0.23,0,0,0,0,0,0,0,0,,,
Region Pricing 250,22T338GR,BRACKET GROUP  (OEM) (ND),078275211230,0,,20220404,99999999,USD,1,7.76,0,0,0,0,0,0,0,0,,,
Region Pricing 250,24EB5495,"PLT-SGL TIMER,PTD/SCRD(S)",078275071933,0,,20220404,99999999,USD,1,1.25,0,0,0,0,0,0,0,0,,,
Region Pricing 250,24EB5524,"PLT-DBL,T/DEC,PTD/SCRD(S)",078275071957,0,,20220404,99999999,USD,1,9.86,0,0,0,0,0,0,0,0,,,
Region Pricing 250,24T5265A,"PLT-SWITCH,PAINTED   (S)",078275044616,0,,20220404,99999999,USD,1,21.42,0,0,0,0,0,0,0,0,,,
Region Pricing 250,6LV1352,CVR- PHOTOCNTRL (S),078275700635,0,,20220404,99999999,USD,1,0.52,0,0,0,0,0,0,0,0,,,
