,,,,,,,,,,,,,,,,,
"Ordering
Number",Model No. Reference,Description,FX UL Rating,UPC Code,Master Ctn Qty,Pallet Qty,"E3
Opening Price - NEW","E3
Qty 1 - NEW","E3
Qty 2 - NEW",,,,,,,,
,,,,,,,,,,,,,,,,,
Smoke Alarms,,,,,,,,,,,,,,,,,
120V AC/DC,,,,,,,1-287,288-755,756 +,,,,,,,,
21006931,i12060-A,"120V AC/DC Spring load, Hush, w/Alkaline Batt.(repl 1276A)",-,0 47871 27695 0,6,756, $12.54 , $12.24 , $11.97 ,,,,,,,,
21007582,i5000,120V AC/DC Slide load w/Alkaline Batt. 10yr.Warranty,-,0 47871 07582 9,6,756, $12.09 , $11.79 , $11.54 ,,,,,,,,
21007583,i4618-A,"120V AC/DC Slide load w/Alkaline Batt., 6 pk. (repl 46182)",-,0 47871 07583 6,6,756, $10.59 , $10.34 , $10.12 ,,,,,,,,
21006376,i12060,120V AC/DC Spring load battery door & Hush (repl 1276),-,7 84908 00135 1,6,756, $10.12 , $9.88 , $9.67 ,,,,,,,,
21007581,i4618,120V AC/DC Slide load w/9V Batt. 5yr.Warranty,-,0 47871 07581 2,6,756, $8.55 , $8.55 , $8.55 ,13.65,13.25,12.85,,,,,
21006378,i12040,"120V AC/DC Rear load, front pull tab, Hush (repl 1275)",-,0 47871 40381 3,6,1008, $8.95 , $8.74 , $8.55 ,,,,,,,,
21006379,i12080,"120V AC/DC with Light, Hush (repl 1285)",-,0 47871 40382 0,6,1008, $17.49 , $17.29 , $17.08 ,,,,,,,,
21006371,P12040,"Photoelectric 120V AC/DC, Hush (formerly PE120)",-,0 47871 40399 8,6,1008, $16.54 , $16.54 , $16.54 ,24.85,26.45,,,,,,
21007915-N,PI2010,"120V AC/DC, Photo/Ion Dual Sensor wire-in, Hush",-,0 47871 27130 6,6,756, $32.14 , $31.77 , $31.40 ,,,,,,,,
,,Bulk Packs,,,,,,,,,,,,,,,
21006932,i12060,"120V AC/DC Spring load, Hush - Bulk 36 pack (repl 1276)",-,0 47871 06932 3,36,864, $348.15 , $339.96 , $332.58 ,,,,,,,,
21007584,i4618,120V AC/DC Slide load w/9V Batt. 5yr.Warr. - Bulk 36 pk,-,0 47871 07584 3,36,864, $344.16 , $336.06 , $328.78 ,,,,,,,,
,,,,,,,1-47,48-125,126 +,,,,,,,,
21005927,i12060,"120V AC/DC Spring load, Hush, Bulk 6 pk (repl 1276)",-,0 47871 05927 0,6,168, $57.99 , $56.63 , $55.40 ,,,,,,,,
21006373,i12040,"120V AC/DC, Rear load, Bulk 6 pk, Hush (repl 1275)",-,0 47871 09970 2,6,192, $52.84 , $51.60 , $50.47 ,,,,,,,,
Wireless,,,,,,,1-287,288-755,756 +,,,,,,,,
1279-9999,RF-SM-AC,120V AC/DC RF Interconnect 3pc PDQ,-,0 47871 05560 9,3,420, $47.19 , $46.64 , $46.08 ,,,,,,,,
0919-9999,RF-SM-DC,9V DC RF Interconnect 3pc PDQ,-,0 47871 05557 9,3,420, $29.49 , $29.15 , $28.81 ,,,,,,,,
9 Volt DC,,,,,,,1-287,288-755,756 +,,,,,,,,
21007385-N,Pi9010,"9V Photoelectric/Ionization, Hush",-,0 47871 42017 9,4,300, $20.66 , $20.43 , $20.19 ,,,,,,,,
0918E,i9080,9V with Safety Light,-,0 25417 01285 9,12,1344, $12.45 , $12.31 , $12.16 ,,,,,,,,
0976-9997,i9070,"9V w/front load battery door & Hush (cut case,clam)",-,0 47871 05672 9,2,222, $12.50 , $12.36 , $12.21 ,,,,,,,,
0916E,i9060,9V with Hush,-,0 25417 00916 3,12,1334, $7.32 , $7.23 , $7.15 ,,,,,,,,
0915E,i9050,9V Basic,-,0 25417 09151 9,12,1344, $6.45 , $6.37 , $6.30 ,,,,,,,,
0914E,i9040,"9V Micro Unit w/ 5"" Base Plate",-,0 25417 09145 8,12,1344, $5.42 , $5.36 , $5.29 ,,,,,,,,
PE9E,P9050,"9V Photoelectric Smoke, Hush (formerly model PE9)",-,0 25417 16509 8,12,1334, $12.74 , $12.59 , $12.44 ,,,,,,,,
,,,,,,,,,,,,,,,,,
Ten Year Sealed Lithium Battery Alarms,,,,,,,,,,,,,,,,,
Hardwire Smoke and Combination Alarms with Ten Year Sealed Battery Backup,,,,,,,1-287,288-755,756 +,,,,,,,,
21010408-N,i12010SCO,"120V AC/DC Intelligent Ion Smoke/CO Alarm,Ten Year Sealed Battery, Voice",-,0 47871 11408 5,6,756, $45.20 , $44.14 , $43.19 ,,,,,,,,
21010407-A,i12010S,"120V AC/DC Ion Smoke Alarm,Ten Year Sealed Battery Backup",-,0 47871 11407 8,6,756, $19.37 , $18.92 , $18.51 ,,,,,,,,
21027536,P4010ACSCO,"120V AC/DC Intelligent Photo Smoke/CO Alarm,Ten Year Sealed Battery, Voice",-,0 47871 27536 6,4,576, $48.32 , $47.19 , $46.16 ,,,,,,,,
21027537,P4010ACS,"120V AC/DC Photo Smoke Alarm,Ten Year Sealed Battery Backup, Voice",-,0 47871 27537 3,4,576, $31.71 , $30.96 , $30.29 ,,,,,,,,
Hardwire Smoke/Strobe and SM/STRB/CO Alarms with Ten Year Sealed Battery Backup,,,,,,,1-287,288-755,756 +,,,,,,,,
21026872,P4010ACLEDS-2,"120V AC/DC Smoke/Strobe Alarm,Ten Year Sealed Battery, Sync, Voice",-,0 47871 26872 6,3,450, $79.66 , $77.78 , $76.10 ,,,,,,,,
21028057,P4010ACLEDSCO-2,"120V AC/DC Smoke/CO/Strobe Alarm,Ten Year Sealed Battery, Sync, Voice",-,0 47871 28057 5,3,450, $105.43 , $102.95 , $100.72 ,,,,,,,,
Ten Year Sealed Battery Smoke Alarms,,,,,,,1-287,288-755,756 +,,,,,,,,
21010064,P3010L,"DC Photo Smoke, Ten Year Sealed (Box)",-,0 47871 10064 4 ,6,1008, $22.03 , $21.77 , $21.51 ,,,,,,,,
21010067,P3010B,"DC Photo Smoke with Voice, Ten Year Sealed (Box)",-,0 47871 10067 5 ,6,1008, $26.43 , $26.12 , $25.82 ,,,,,,,,
21010069,P3010H,"DC Photo Smoke, Safety Light, Ten Year Sealed (Box)",-,0 47871 10069 9 ,6,1008, $30.89 , $30.53 , $30.17 ,,,,,,,,
21010164,P3010L,"DC Photo Smoke, Ten Year Sealed, Living Area (Clam)",-,0 47871 10164 1,3,225, $22.03 , $21.77 , $21.51 ,,,,,,,,
21010161,P3010B,"DC Photo Smoke with Voice, Ten Year Sealed, Bedroom (Clam)",-,0 47871 10161 0,3,225, $26.43 , $26.12 , $25.82 ,,,,,,,,
21010167,P3010H,"DC Photo Smoke, Safety Light, Ten Year Sealed, Hallway (Clam)",-,0 47871 10167 2,3,225, $30.89 , $30.53 , $30.17 ,,,,,,,,
21008697,i9010,DC Ion Ten Year Sealed Lithium Battery Unit w/Hush - Boxed,-,0 47871 08697 9,6,864, $18.67 , $18.45 , $18.23 ,,,,,,,,
21027488,i1040,10 Year Sealed-In Battery-Powered Ionization Smoke Alarm with Hush,bulk,x,6,, $11.03 , $10.70 , $10.36 ,,,,,,,,
900-0136-003,i9010,DC Ion Ten Year Sealed Lithium Battery Unit w/Hush - Clamshell,-,0 47871 90136 4,3,333, $18.73 , $18.51 , $18.30 ,,,,,,,,
,,Bulk Pack,,,,,1-287,288-755,756 +,,,,,,,,
21010594,i9010,DC Ion Ten Year Sealed Lithium Battery Unit w/Hush - Bulk 36 pk,-,,36, , $633.92 , $626.55 , $619.17 ,,,,,,,,
Ten Year Sealed Battery Combination and Carbon Monoxide Alarms,,,,,,,1-287,288-755,756 +,,,,,,,,
21010071,P3010K-CO,"DC Photo Smoke/CO Combo, Intelligent, Ten Year Sealed (Box)",-,0 47871 10071 2 ,6,1008, $43.19 , $42.68 , $42.18 ,,,,,,,,
21010170,P3010K-CO,"DC Photo Smoke/CO Combo, Intelligent, Ten Year Sealed, Kitchen (Clam)",-,0 47871 10170 2,3,225, $43.19 , $42.68 , $42.18 ,,,,,,,,
21026065,P3010CU,"DC Photo Smoke/CO Combo, Intelligent, Ten Year Sealed, Voice (Clam)",-,0 47871 26065 2,3,225, $53.13 , $52.51 , $51.89 ,,,,,,,,
21010073,C3010,"DC CO, Ten Year Sealed (Box)",,0 47871 10073 6,6,1260, $35.25 , $34.84 , $34.43 ,,,,,,,,
21010075,C3010D,"DC CO, Digital, Ten Year Sealed (Box)",,0 47871 10075 0,6,1260, $44.06 , $43.55 , $43.04 ,,,,,,,,
21010045,C3010,"DC CO, Ten Year Sealed (Clam)",,0 47871 10045 3,3,333, $35.25 , $34.84 , $34.43 ,,,,,,,,
21010047,C3010D,"DC CO, Digital, Ten Year Sealed (Clam)",,0 47871 10047 7,3,333, $44.06 , $43.55 , $43.04 ,,,,,,,,
21026350,KN-COP-DP-10YL,"AC/DC CO, Plug-in - Ten Year Sealed Backup - Dig. Disp. (900-0280)",-,0 47871 26350 9,3,225, $43.72 , $43.21 , $42.70 ,,,,,,,,
21026359,KN-COP-DP-10YB,"AC/DC CO, Plug-in - Ten Year Sealed Backup - Dig. Disp. - Voice (900-0282)",-,0 47871 26359 2,3,180, $46.35 , $45.81 , $45.27 ,,,,,,,,
21026365,KN-COP-DP-10YH,"AC/DC CO, Plug-in - Ten Year Sealed Backup - Dig. Disp. - Exit Light (900-0284)",-,0 47871 26365 3,3,225, $48.09 , $47.53 , $46.97 ,,,,,,,,
21026354,KN-COP-DP-10YL,"AC/DC CO, Plug-in - Ten Year Sealed Backup - Dig. Disp. - Peak Level",-,0 47871 26354 7,36,648, $41.00 , $40.52 , $40.05 ,,,,,,,,
21026385,KN-COP-DP-10YL,"AC/DC CO, Plug-in - Ten Year Sealed Backup - Digital Display - CSA Listed",-,0 47871 26385 1,36,648, $49.55 , $48.97 , $48.39 ,,,,,,,,
WireFree Ten Year Sealed Battery Smoke and Combination Alarms,,,,,,,1-287,288-755,756 +,,,,,,,,
21027311,P4010DCSCO-W,"DC Wireless Combo CO/Smoke, Photo, Ten Year",-,0-47871-27311-9,2,272, $55.16 , $54.52 , $53.88 ,79.85,,,,,,,
21027314,P4010LDCS-W,"DC Wireless Smoke w/Light, Photo, Ten Year",-,0-47871-27314-0,2,272, $39.94 , $39.48 , $39.02 ,,,,,,,,
21027308,P4010DCS-W,"DC Wireless Smoke, Photo, Ten Year",-,0-47871-27308-9,2,272, $34.36 , $33.96 , $33.56 ,55.95,,,,,,,
21027323,P4010ACSCO-W,"120V AC/DC Wireless Combo CO/Smoke, Photo, Ten Year",-,0-47871-27323-2,2,272, $61.09 , $60.38 , $59.66 ,88.65,,,,,,,
21027326,P4010LACS-W,"120V AC/DC Wireless Smoke w/Light, Photo, Ten Year",-,0-47871-27326-3,2,272, $41.99 , $41.51 , $41.01 ,,,,,,,,
21027320,P4010ACS-W,"120V AC/DC Wireless Smoke, Photo, Ten Year",-,0-47871-27320-1,2,272, $38.17 , $37.73 , $37.29 ,59.65,,,,,,,
,,,,,,,,,,,,,,,,,
Carbon Monoxide Alarms,,,,,,,,,,,,,,,,,
Combination CO/Smoke Alarms,,,,,,,1-287,288-755,756 +,,,,,,,,
21006377-N,KN-COSM-IBA,"AC/DC Wire-In Intelligent Ion Smoke/CO Alarm,Frt Load Battery, Voice (900-0114A)",-,0 47871 16377 9,6,756, $28.66 , $28.66 , $28.66 ,44.85,43.75,42.95,,,,,
21007624/21010333,KN-COPE-IC,AC/DC Wire-In Photoelectric Smoke/CO Alarm - Voice Warning (900-0123),-,0 47871 07624 6,6,756, $38.59 , $38.59 , $38.59 ,57.85,,,,,,,
21027445,KN-COPE-D,DC Photoelectric Smoke/CO Alarm - Voice Warning (CP9000),-,0 47871 10031 6,4,216, $39.14 , $38.69 , $38.23 ,,,,,,,,
900-0102-02,KN-COSM-BA,"DC CO/Smoke Alarm, Frt Load Battery, Voice Warning (900-0102A)",-,7 84908 01020 9,3,333, $35.34 , $34.93 , $34.52 ,,,,,,,,
21007450,KN-COSM-XRT-BA,"DC Intelligent CO/Smoke Alarm, Frt Load Battery, Voice Warning (900-0216A) Clamshell",-,0 47871 07450 1,4,300, $41.64 , $41.16 , $40.67 ,,,,,,,,
Carbon Monoxide Alarms,,,,,,,1-287,288-755,756 +,,,,,,,,
21007426,KN-COPF-i,120V AC CO Alarm w/sealed lithium re-chargable battery - Low Profile,-,0 47871 07426 6,6,1176, $61.33 , $57.24 , $53.15 ,,,,,,,,
21006406,KN-COB-IC,AC/DC wire-in w/ Battery Backup - interconnectable,-,0 47871 00120 0,6,756, $24.65 , $24.65 , $24.65 ,,,,,,,,
21006407,KN-COP-IC,AC/DC wire-in - Digital Display - Interconnect,-,0 47871 00121 7,6,756, $45.13 , $44.60 , $44.08 ,,,,,,,,
900-0076-01,KN-COPP-3,AC/DC Plug-in - 9V backup - Digital Display - Peak Level,-,7 84908 00760 5,2,222, $39.27 , $38.82 , $38.36 ,,,,,,,,
900-0113-02,KN-COEG-3,AC/DC Plug-in - Multi-hazard - CO/Methane/Propane,-,7 84908 01130 5,2,222, $38.28 , $37.84 , $37.40 ,,,,,,,,
21026344,KN-COP-DP-B,"AC/DC Plug-in - 9V Backup - Digital Display, Clamshell (900-0278)",-,0 47871 26344 8,4,240, $39.18 , $38.72 , $38.26 ,,,,,,,,
21025759,KN-COB-DP2,AC/DC - Plug-in w/ Battery Backup - Theft-Deterrent - PDQ 2pk (900-0263),-,0 47871 25759 1,2,222, $24.60 , $24.32 , $24.02 ,,,,,,,,
21025763,KN-COB-DP2,AC/DC Plug-in - w/ Battery Backup - No display - Clamshell (900-0263),-,0 47871 25759 1,4,240, $24.60 , $24.32 , $24.02 ,,,,,,,,
21025772,KN-COB-DP2,"AC/DC Plug-in - w/ Battery Backup - No display, 6pk carton (900-0263)",-,0 47871 25772 0,6,1260, $24.60 , $24.32 , $24.02 ,,,,,,,,
21009942,KN-COU-B,"DC Ultrasensitive CO Monitor, Boxed",-,0 47871 09942 9,6,, $36.75 , $36.32 , $35.89 ,,,,,,,,
21007267,KN-COPP-B-LS,Nighthawk Battery Operated - Digital Display - Clamshell,-,0 47871 07267 5,4,300, $26.51 , $26.20 , $25.89 ,,,,,,,,
21007268,KN-COB-B-LS,Nighthawk Battery Operated -  Basic with no display - Clamshell,-,0 47871 07268 2,4,300, $19.64 , $19.40 , $19.18 ,,,,,,,,
21008873,KN-COPP-B-LPM,Battery Operated - Peak Level Memory - Digital Display (900-0146-LP),-,0 47871 08873 7,4,300, $24.54 , $24.26 , $23.97 ,,,,,,,,
21025778,KN-COB-LP2,Battery Operated Basic CO (9CO5-LP2) - clamshell,-,0 47871 08872 0,3,333, $17.71 , $17.51 , $17.30 ,,,,,,,,
21026458,KN-COB-LP2,Battery Operated Basic CO (9CO5-LP2) - boxed,-,0 47871 26458 2,6,1260, $17.57 , $17.37 , $17.16 ,,,,,,,,
,,Bulk Packs,,,,,1-47,48-125,126 +,,,,,,,,
21025788,KN-COB-LP2,"Basic CO, DC Powered, 2AA (9CO5-LP2) (6 pc Bulk)",-,0 47871 08908 6,6,260, $91.73 , $91.73 , $91.73 ,,,,,,,,
21006974,KN-COSM-BA,DC Smoke/CO Combination Alarm - Verbal Warning (900-0102A) (6 pc Bulk),-,0 47871 05296 7,6,126, $154.79 , $154.79 , $154.79 ,,,,,,,,
21006973,KN-COPP-3,AC/DC Plug-in - 9V backup - Digital Display - Peak Level (900-0076) (6 pc Bulk),-,7 84908 00760 5,6,126, $173.71 , $173.71 , $173.71 ,,,,,,,,
21025761,KN-COB-DP2,AC/DC - Plug-in w/ Battery Backup - Theft-Deterrent  (900-0263) (6 pc Bulk),-,0 47871 25761 4,6,126, $99.75 , $99.75 , $99.75 ,,,,,,,,
,,,,,,,,,,,,,,,,,
Kidde Power Supplies,,,,,,,,,,,,,,,,,
9 Volt and AA,,,,,,,1-47,48-125,126 +,,,,,,,,
21026967,,"Kidde 9V alarm replacement batteries, 2pk. blister",-,0 47871 10334 8,5,1800, $5.84 , $5.76 , $5.70 ,,,,,,,,
21026968,,"Kidde AA alarm replacement batteries, 4pk. blister",-,0 47871 10335 5,5,1800, $3.36 , $3.32 , $3.28 ,,,,,,,,
,,,,,,,,,,,,,,,,,
Auxiliary Devices,,,,,,,,,,,,,,,,,
Supplementary Devices,,,,,,,1-287,288-755,756 +,,,,,,,,
HD135F,HD135F,135° Heat Detector - 120V AC w/9V backup,-,0 25417 84135 0,6,720, $17.37 , $17.37 , $17.37 ,36.45,34.85,32.95,29.65,,,,HD  39.97
21010206,HD200F,200° Heat Detector - Thermal sensor for attic use (HD200F),-,0 47871 10206 8,6,1680, $10.89 , $10.76 , $10.64 ,,,,,,,,
SL177i,SLED177i,Hearing Impaired LED 177cd Light - Interconnectable,-,0 47871 24003 6,3,504, $64.33 , $63.59 , $62.83 ,,,,,,,,
SM120X,SM120X,Relay Module for I-Combo units(Smoke alarm),-,0 47871 00123 1,6,2520, $6.87 , $6.78 , $6.70 ,13.74,,,,,,,
CO120X,CO120X,Relay Module for I-Combo units(CO Alarms),-,0 47871 61207 9,6,2520, $9.64 , $9.52 , $9.42 ,,,,,,,,
21027648,-,"Detection Dust/Paint Plastic Cover, 6 pack",-,0 47871 27648 6,6,-, $4.65 , $4.60 , $4.55 ,,,,,,,,
Wiring Adapters,,,,,,,1-287,288-755,756 +,,,,,,,,
21028270,KA-F2,AC Plug In Adapter For retro fit from Firex to Kidde (order in multiples of 25),-,0 47871 00149 1,25,900, $2.95 , $2.92 , $2.88 ,,,,,,,,
21028268,KA-B2,AC Plug In Adapter For retro fit from BRK to Kidde (order in multiples of 25),-,0 47871 00150 7,25,900, $2.95 , $2.92 , $2.88 ,,,,,,,,
21028461,KA-F2 / KA-B2,Adapter Clam Shell 2 pack - one BRK/one Firex,-,0 47871 28461 0,12,1728,,,,,,,,,,,
Radon and Mold Kits,,,,,,,1-287,288-755,756 +,,,,,,,,
442020,442020,Radon Kit ,-,0 47871 42020 9,6,1500, $15.31 , $15.14 , $14.96 ,,,,,,,,
442057,442057,Mold Kit ,-,0 47871 42057 5,6,1500, $8.94 , $8.83 , $8.73 ,,,,,,,,
,,,,,,,,,,,,,,,,,
Fire Extinguishers,,,,,,,,,,,,,,,,,
Disposable Extinguishers,,,,,,,1-23,24-47,48 +,,,,,,,,
21008173MTL,RESSP,"711A Rated, 2.5# White Kitchen - with Wall Hook, Disposable",711A,0 47871 08746 4,6,234, $20.03 , $19.23 , $18.47 ,,,,,,,,
21005944MTL,FA5B,"5-B:C, 2# - nylon strap bracket, Disposable",5-B:C,047871270125,6,270, $16.39 , $15.73 , $15.11 ,,,,,,,,
466141MTL,KG Plus,"10-B:C, 2.9# - with nylon strap bracket, Disposable",10-B:C,047871270019,6,234, $18.22 , $17.49 , $16.80 ,,,,,,,,
466142MTL,FA110,"1-A, 10-B:C, 2.5# - with nylon strap bracket, Disposable","1-A,10-B:C",047871270026,6,234, $20.22 , $19.40 , $18.65 ,,,,,,,,
21030242,FA110,"1-A, 10-B:C, 2.5# - with nylon strap bracket, Disposable","1-A,10-B:C",047871270026,6,234, $20.22 , $19.40 , $18.65 ,,,,,,,,
21010207MTL,FA110,"1-A, 10-B:C, 2.5# - with metal strap bracket, Disposable","1-A,10-B:C",047871270316,6,234, $24.05 , $23.09 , $22.18 ,,,,,,,,
21005771P,FX210R,"2-A, 10-B:C, 4# - with Wall Hook - Disposable PE box, White","2-A,10-B:C",047871270576,4,112, $33.00 , $31.68 , $30.43 ,,,,,,,,
21006204P,FX340SC,"3-A, 40-B:C, 5.5# - with Wall Hook, Disposable COM box","3-A,40-B:C",047871270521,4,112, $37.70 , $36.19 , $34.76 ,,,,,,,,
21010260MTL,FA110,"1-A, 10-B:C Rated TWIN Pack, 2.5# Red Multi-purpose, Disposable","1-A,10-B:C",047871270156,32,32, $39.92 , $38.32 , $36.82 ,,,,,,,,
"ABC - ""Tri-Class"" PRO Line - Metal Valve - Rechargeable",,,,,,,1-23,24-47,48 +,,,,,,,,
466227,PRO2.5MP,"1-A, 10-B:C, 2.6# - with Wall Hook, Rechargeable","1-A,10-B:C",0 47871 66227 2,6,144, $35.56 , $34.13 , $32.79 ,,,,,,,,
46622701,PRO2.5MP-V,"1-A, 10-B:C, 2.6# - with metal strap bracket, Rechargeable","1-A,10-B:C",0 47871 22701 3,6,144, $37.59 , $36.09 , $34.66 ,,,,,,,,
466112,PRO5MP,"3-A, 40-B:C, 5.5# with wall hook, Rechargeable","3-A,40-B:C",0 47871 66112 1,4,112, $45.86 , $44.02 , $42.28 ,,,,,,,,
466204,PRO10MP,"4-A, 60-B:C, 10# - with Wall Hook, Rechargeable","4-A,60-B:C",0 47871 66204 3,1,70, $70.37 , $67.55 , $64.90 ,,,,,,,,
466206,PRO20MP,"6-A, 80-B:C, 20# - with Wall Hook, Rechargeable","6-A,80-B:C",0 47871 66206 7,1,50, $123.40 , $118.46 , $113.81 ,,,,,,,,
21005776,Pro 110,"1-A, 10-B:C, 2.6# - with Wall Hook, Rechargeable","1-A,10-B:C",0 47871 05776 4,4,200, $43.55 , $41.81 , $40.16 ,,,,,,,,
21005779,Pro 210,"2-A, 10-B:C, 4# - with Wall Hook, Rechargeable","2-A,10-B:C",0 47871 05779 5,4,122, $43.55 , $41.81 , $40.16 ,,,,,,,,
21005782,Pro 340,"3-A, 40-B:C, 5.5# - with Wall Hook, Rechargeable","3-A,40-B:C", 0 47871 05782 5 ,1,112, $45.86 , $44.02 , $42.28 ,,,,,,,,
"ABC ""Tri-Class"" Extra Line - Metal Valve - Rechargeable",,,,,,,1-23,24-47,48 +,,,,,,,,
468000,ProPlus2.5 MP,"1-A, 10-B:C, 2.6#  - metal strap bracket, Rechargeable","1-A,10-B:C",0 47871 68000 4,6,144, $39.96 , $38.36 , $36.85 ,,,,,,,,
468001,ProPlus5MP,"3-A, 40-B:C, 5#  - with Wall Hook, Rechargeable","3-A,40-B:C",0 47871 68001 6,1,120, $56.01 , $53.77 , $51.66 ,,,,,,,,
468002,ProPlus10MP,"4-A, 80-B:C, 10#  - with Wall Hook, Rechargeable","4-A,80-B:C",0 47871 68002 3,1,80, $100.57 , $96.56 , $92.75 ,,,,,,,,
468003,ProPlus20MP,"6-A, 120-B:C, 20#  - with Wall Hook, Rechargeable","6-A,120-B:C",0 47871 68003 0,1,50, $139.12 , $133.55 , $128.29 ,,,,,,,,
CO2 - Pro Line,,,,,,,1-23,24-47,48 +,,,,,,,,
466180,PRO5CD,"5-B:C, 5# - with Wall Hook, Rechargeable",5-B:C,0 47871 66180 0,1,60, $147.71 , $141.80 , $136.22 ,,,,,,,,
466181,PRO10CD,"10-B:C, 10# - with Wall Hook, Rechargeable",10-B:C,0 47871 66181 7,1,30, $204.19 , $196.03 , $188.32 ,,,,,,,,
466182,PRO15CD,"10-B:C, 15# - with Wall Hook, Rechargeable",10-B:C,0 47871 66182 4,1,24, $252.68 , $242.58 , $233.04 ,,,,,,,,
466183,PRO20CD,"10-B:C, 20# - with Wall Hook, Rechargeable",10-B:C,0 47871 66183 1,1,24, $299.08 , $287.11 , $275.81 ,,,,,,,,
Halotron - Pro Plus,,,,,,,1-23,24-47,48 +,,,,,,,,
466727,ProPlus2.5H,"2-B:C, 2.5# - with Wall Hook, Rechargeable",2-B:C,0 47871 66727 7,6,144, $134.72 , $129.33 , $124.24 ,,,,,,,,
466728,ProPlus5H,"5-B:C, 5# - with Wall Hook, Rechargeable",5-B:C,0 47871 66728 4,1,120, $229.00 , $219.83 , $211.19 ,,,,,,,,
466729,ProPlus10H,"1-A, 10-B:C, 11# - with Wall Hook, Rechargeable","1-A,10-B:C",0 47871 66729 1,1,60, $598.31 , $574.39 , $551.78 ,,,,,,,,
466730,ProPlus15.5H ,"2-A, 10-B:C, 15.5# - with Wall Hook, Rechargeable","2-A,10-B:C",0 47871 66730 7,1,60, $905.97 , $869.72 , $835.50 ,,,,,,,,
Water/Wet Chemical - Pro Plus,,,,,,,1-23,24-47,48 +,,,,,,,,
466403,Pro2.5W,"2-A, 2-A, 2.5 Gallon Water - with Wall Hook, Rechargeable",2-A,0 47871 66403 0,1,60, $111.32 , $106.86 , $102.66 ,,,,,,,,
25074,ProPlus6L-K ,"Class K, Class K / 6  Liter Factory-Filled Unit, Rechargeable",Class K,-,1,50, $177.00 , $169.93 , $163.24 ,,,,,,,,
Auto/Marine Extinguishers,,,,,,,1-23,24-47,48 +,,,,,,,,
21006287MTL,Auto FX 5 II,"5-B:C, 2# - with nylon strap bracket - white, Disposable",5-B:C,047871270132,4,300, $18.29 , $17.56 , $16.87 ,,,,,,,,
,,,,,,,,,,,,,,,,,
Cabinets / Ladders / Brackets,,,,,,,,,,,,,,,,,
Fire Extinguisher Cabinets,,,,,,,1-23,24-47,48 +,,,,,,,,
468041,KF9721C,5 lb. Surface ,-,0 47871 68041 2,1,60, $34.82 , $33.42 , $32.11 ,,,,,,,,
468042,KF9722C,10 lb. Surface,-,0 47871 68042 9,1,40, $46.33 , $44.47 , $42.72 ,,,,,,,,
468043,KF9723C,20 lb. Surface,-,0 47871 68043 6,1,20, $71.80 , $68.93 , $66.21 ,,,,,,,,
468044,KF9731C,5 lb. Semi Recessed,-,0 47871 68044 3,1,36, $56.22 , $53.97 , $51.84 ,,,,,,,,
468045,KF9732C,10 lb. Semi Recessed,-,0 47871 68045 0,1,20, $75.86 , $72.82 , $69.96 ,,,,,,,,
468046,KF7008B,"5 lb. Semi Recessed, Locked",-,0 47871 68046 7,1,24, $84.26 , $80.88 , $77.70 ,,,,,,,,
468047,KF7022B,"10 lb. Semi Recessed, Locked",-,0 47871 68047 4,1,28, $104.31 , $100.13 , $96.20 ,,,,,,,,
Escape Ladders,,,,,,,1-23,24-47,48 +,,,,,,,,
468093,KL-2S,2 Story Fire Escape Ladder,-,0 47871 68093 1,2,48, $64.41 , $61.83 , $59.40 ,,,,,,,,
468094,KL-3S,3 Story Fire Escape Ladder,-,0 47871 68094 8,2,36, $106.19 , $101.93 , $97.92 ,,,,,,,,
,,,,,,,,,,,,,,,,,
KeySafe Lock Products,,,,,,,,,,,,,,,,,
Key Cabinet Pro,,,,,,,1-23,24-47,48 +,,,,,,,,
001797,CAB,"Key Cabinet Pro, 120 key TouchPoint",box,0 90928 01797 6,2,, $96.80 , $92.93 , $89.28 ,,,,,,,,
001796,CAB,"Key Cabinet Pro, 60 key TouchPoint",box,0 90928 01796 9,2,, $66.87 , $64.20 , $61.67 ,,,,,,,,
001795,CAB,"Key Cabinet Pro, 30 key TouchPoint",box,0 90928 01795 2,3,, $45.49 , $43.67 , $41.94 ,,,,,,,,
001803,CAB,"Key Cabinet Pro, 120 key, keyed",box,0 90928 01803 4,2,, $75.42 , $72.40 , $69.55 ,,,,,,,,
001802,CAB,"Key Cabinet Pro, 60 key, keyed",box,0 90928 01802 7,2,, $45.49 , $43.67 , $41.94 ,,,,,,,,
001801,CAB,"Key Cabinet Pro, 30 key, keyed",box,0 90928 01801 0,3,, $28.38 , $27.25 , $26.17 ,,,,,,,,
001819,CAB,"Key Cabinet Pro Extra Key Tags, white, 140, count",bulk,N/A,N/A,, $10.26 , $9.86 , $9.47 ,,,,,,,,
001818,CAB,"Key Cabinet Pro Extra Key Tags, white, 70 count",bulk,N/A,N/A,, $5.58 , $5.36 , $5.15 ,,,,,,,,
001817,CAB,"Key Cabinet Pro Extra Key Tags, white, 35 count",bulk,N/A,N/A,, $3.36 , $3.22 , $3.09 ,,,,,,,,
KeySafe Auto,,,,,,,1-23,24-47,48 +,,,,,,,,
001312,S6,"KeySafe Auto Permanent, black",clamshell,0 90928 01312 1,6,, $31.10 , $29.85 , $28.68 ,,,,,,,,
001324,S6,"KeySafe Auto Permanent, titanium",reshipper,0 90928 01324 4,6,, $31.10 , $29.85 , $28.68 ,,,,,,,,
001266,S7,"KeySafe Pro S7, Push, Black, over the window Mt.",bulk,x,6,, $45.61 , $43.78 , $42.05 ,,,,,,,,
KeySafe Original Over Door,,,,,,,1-23,24-47,48 +,,,,,,,,
000604,J5,"KeySafe Original over Door Mount, Dial, black",reshipper,0 90928 00604 8,6,, $27.03 , $25.94 , $24.93 ,,,,,,,,
001017,J5,"KeySafe Original over Door Mount, Push,titanium",reshipper,0 90928 01017 5,6,, $27.03 , $25.94 , $24.93 ,,,,,,,,
000624,J5,"KeySafe Original over Door Mount, Mortise, black",reshipper,0 90928 00624 6,6,, $24.31 , $23.33 , $22.42 ,,,,,,,,
KeySafe Original Permanent,,,,,,,1-23,24-47,48 +,,,,,,,,
000404,S5,"KeySafe Original Permanent Dial, black",clamshell,0 90928 00404 4,6,, $27.03 , $25.94 , $24.93 ,,,,,,,,
000514,S5,"KeySafe Original Permanent Dial, black",reshipper,0 90928 00514 0,6,, $27.03 , $25.94 , $24.93 ,,,,,,,,
001011,S5,"KeySafe Original Permanent Dial, titanium",clamshell,0 90928 01011 3,6,, $27.03 , $25.94 , $24.93 ,,,,,,,,
001014,S5,"KeySafe Original Permanent Dial, titanium",reshipper,0 90928 01014 4,6,, $27.03 , $25.94 , $24.93 ,,,,,,,,
001001,S5,"KeySafe Original Permanent, Push, assorted",clamshell,0 90928 01001 4,6,, $27.03 , $25.94 , $24.93 ,,,,,,,,
001361,S5,"KeySafe Original Permanent, Push, clay",clamshell,0 90928 01361 9,6,, $27.03 , $25.94 , $24.93 ,,,,,,,,
001409,S5,"KeySafe Original Permanent, Push, clay",reshipper,0 90928 01409 8,6,, $27.03 , $25.94 , $24.93 ,,,,,,,,
001365,S5,"KeySafe Original Permanent, Push, titanium",clamshell,0 90928 01365 7,6,, $27.03 , $25.94 , $24.93 ,,,,,,,,
001015,S5,"KeySafe Original Permanent, Push, titanium",reshipper,0 90928 01015 1,6,, $27.03 , $25.94 , $24.93 ,,,,,,,,
001360,S5,"KeySafe Original Permanent, Push, white",clamshell,0 90928 01360 2,6,, $27.03 , $25.94 , $24.93 ,,,,,,,,
001408,S5,"KeySafe Original Permanent, Push, white",reshipper,0 90928 01408 1,6,, $27.03 , $25.94 , $24.93 ,,,,,,,,
000534,S5,"KeySafe Original Permanent Mortise, black",reshipper,0 90928 00534 8,6,, $24.31 , $23.33 , $22.42 ,,,,,,,,
KeySafe Original Portable,,,,,,,1-23,24-47,48 +,,,,,,,,
001005,C3,"KeySafe Original Portable Dial, assorted",clamshell,0 90928 01005 2,6,, $27.03 , $25.94 , $24.93 ,,,,,,,,
000394,C3,"KeySafe Original Portable Dial, black",clamshell,0 90928 00394 8,6,, $27.03 , $25.94 , $24.93 ,,,,,,,,
000524,C3,"KeySafe Original Portable Dial, black",reshipper,0 90928 00524 9,6,, $27.03 , $25.94 , $24.93 ,,,,,,,,
001010,C3,"KeySafe Original Portable Dial, titanium",clamshell,0 90928 01010 6,6,, $27.03 , $25.94 , $24.93 ,,,,,,,,
001012,C3,"KeySafe Original Portable Dial, titanium",reshipper,0 90928 01012 0,6,, $27.03 , $25.94 , $24.93 ,,,,,,,,
001000,C3,"KeySafe Original Portable Push, assorted",clamshell,0 90928 01000 7,6,, $27.03 , $25.94 , $24.93 ,,,,,,,,
001025,C3,"KeySafe Original Portable Push, assorted",reshipper,0 90928 01025 0,6,, $27.03 , $25.94 , $24.93 ,,,,,,,,
001352,C3,"KeySafe Original Portable Push, black",clamshell,0 90928 01352 7,6,, $27.03 , $25.94 , $24.93 ,,,,,,,,
001406,C3,"KeySafe Original Portable Push, black",reshipper,0 90928 01406 7,6,, $27.03 , $25.94 , $24.93 ,,,,,,,,
001192,C3,"KeySafe Original Portable Push, blk/titanium",clamshell,0 90928 01192 9,6,, $27.03 , $25.94 , $24.93 ,,,,,,,,
001166,C3,"KeySafe Original Portable Push, blk/titanium",reshipper,0 90928 01166 0,6,, $27.03 , $25.94 , $24.93 ,,,,,,,,
001350,C3,"KeySafe Original Portable Push, clay",clamshell,0 90928 01350 3,6,, $27.03 , $25.94 , $24.93 ,,,,,,,,
001404,C3,"KeySafe Original Portable Push, clay",reshipper,0 90928 01404 3,6,, $27.03 , $25.94 , $24.93 ,,,,,,,,
000544,C3,"KeySafe Original Portable Mortise, black",reshipper,0 90928 00544 7,6,, $24.31 , $23.33 , $22.42 ,,,,,,,,
KeySafe Original Slimline,,,,,,,1-23,24-47,48 +,,,,,,,,
001004,S6,"KeySafe Original Slimline  Push, assorted",clamshell,0 90928 01004 5,6,, $27.03 , $25.94 , $24.93 ,,,,,,,,
001371,S6,"KeySafe Original Slimline  Push, clay",clamshell,0 90928 01371 8,6,, $27.03 , $25.94 , $24.93 ,,,,,,,,
001414,S6,"KeySafe Original Slimline  Push, clay",reshipper,0 90928 01414 2,6,, $27.03 , $25.94 , $24.93 ,,,,,,,,
001193,S6,"KeySafe Original Slimline  Push, titanium",clamshell,0 90928 01193 6,6,, $27.03 , $25.94 , $24.93 ,,,,,,,,
001170,S6,"KeySafe Original Slimline  Push, titanium",reshipper,0 90928 01170 7,6,, $27.03 , $25.94 , $24.93 ,,,,,,,,
001370,S6,"KeySafe Original Slimline  Push, white",clamshell,0 90928 01370 1,6,, $27.03 , $25.94 , $24.93 ,,,,,,,,
001413,S6,"KeySafe Original Slimline  Push, white",reshipper,0 90928 01413 5,6,, $27.03 , $25.94 , $24.93 ,,,,,,,,
KeySafe Accessories,,,,,,,1-23,24-47,48 +,,,,,,,,
000174,ACC S5,"KeySafe Permanent Lid, mortise, black",bulk,x,6,, $13.44 , $12.90 , $12.40 ,,,,,,,,
000124,ACC C3,"KeySafe Portable Lid, Dial, titanium",bulk,x,6,, $17.52 , $16.82 , $16.16 ,,,,,,,,
001194,ACC S6,"KeySafe Slimline Lid, Push, titanium",bulk,x,6,, $17.52 , $16.82 , $16.16 ,,,,,,,,
001310,ACC C3,KeySafe Original C3 Portable Weather Cover,clamshell,0 90928 01310 7,6,, $3.94 , $3.78 , $3.64 ,,,,,,,,
001375,ACCS6,KeySafe Slimline S6 Weather Cover,clamshell,0 90928 01375 6,6,, $5.30 , $5.09 , $4.88 ,,,,,,,,
001509,ACC S7,KeySafe Pro S7 Weather Cover,bulk,N/A,6,, $5.30 , $5.09 , $4.88 ,,,,,,,,
KeySafe Stor-A-Key,,,,,,,1-23,24-47,48 +,,,,,,,,
001859,STOR,Locking Stor-A-Key,reshipper,0 90928 01859 1,6,, $6.12 , $5.87 , $5.64 ,,,,,,,,
001844,STOR,Locking Stor-A-Key,shelf pack,0 90928 01844 7,6,, $6.12 , $5.87 , $5.64 ,,,,,,,,
001948,STOR,"Portable Stor-A-Key, assorted",shelf pack,0 90928 01948 2,6,, $8.02 , $7.70 , $7.39 ,,,,,,,,
001860,STOR,"Portable Stor-A-Key, blue",reshipper,0 90928 01860 7,6,, $8.02 , $7.70 , $7.39 ,,,,,,,,
001845,STOR,"Portable Stor-A-Key, blue",shelf pack,0 90928 01845 4,6,, $8.02 , $7.70 , $7.39 ,,,,,,,,
001941,STOR,"Portable Stor-A-Key, yellow",reshipper,0 90928 01941 3,6,, $8.02 , $7.70 , $7.39 ,,,,,,,,
001858,STOR,"Portable Stor-A-Key, yellow",shelf pack,0 90928 01858 4,6,, $8.02 , $7.70 , $7.39 ,,,,,,,,
KeySafe Touchpoint Locks,,,,,,,1-23,24-47,48 +,,,,,,,,
001798,OEM,TouchPoint Lock w/ bracket clay,reshipper,0 90928 01798 3,6,, $24.10 , $23.14 , $22.23 ,,,,,,,,
001773,OEM,"TouchPoint Lock w/ bracket, titanium",reshipper,0 90928 01773 0,6,, $24.10 , $23.14 , $22.23 ,,,,,,,,
001828,OEM,"TouchPoint Lock w/ vertical face plate, clay",reshipper,0 90928 01828 7,6,, $28.38 , $27.25 , $26.17 ,,,,,,,,
001827,OEM,"TouchPoint Lock w/ vertical face plate, titanium",reshipper,0 90928 01827 0,6,, $28.38 , $27.25 , $26.17 ,,,,,,,,
KeySafe Pro,,,,,,,1-23,24-47,48 +,,,,,,,,
001267,S7,"KeySafe Pro S7, Push, Black",reshipper,0 90928 01267 4,6,360, $40.60 , $38.97 , $37.44 ,,,,,,,,
001266,S7,"KeySafe Pro S7, Push, Black, over the window Mt.",bulk,x,6,, $45.61 , $43.78 , $42.05 ,,,,,,,,
002047,P500,"KeySafe P500 w/o alarm, titanium",reshipper,0 90928 02047 1,6,, $47.52 , $45.62 , $43.82 ,,,,,,,,
002048,P500,"KeySafe P500 with alarm, titanium",reshipper,0 90928 02048 8,6,, $51.59 , $49.53 , $47.59 ,,,,,,,,
,,,,,,,,,,,,,,,,,
,,,,,,,,,,,,,,,,,
,,,,,,,,,,,,,,,,,
"Payment Terms:   1%15, Net 30 days.   Price and specifications are subject to change without notice.  ",,,,,,,,,,,,,,,,,
Orders are accepted at prices and terms in effect at time of order.,,,,,,,,,,,,,,,,,
,,,,,,,,,,,,,,,,,
"Freight Terms:   Prepaid on orders of $1,000.00 or more assorted to one location in the Continental U.S.   ",,,,,,,,,,,,,,,,,
"All orders less than $1,000.00 will be FOB Mebane, NC or Fresno, CA.  ",,,,,,,,,,,,,,,,,
,,,,,,,,,,,,,,,,,
Minimum order:  Master carton quantity.  ,,,,,,,,,,,,,,,,,
All orders must be placed in master carton quantity increments or be subject to a $15.00 broken carton charge per order.,,,,,,,,,,,,,,,,,
,,,,,,,,,,,,,,,,,
No merchandise returns will be accepted without prior authorization from Kidde customer service dept.  All returns require an RGA number and,,,,,,,,,,,,,,,,,
"may be subject to a 30% restocking fee to be determined by the factory upon return and inspection.  Customer prepays freight to Mebane, NC",,,,,,,,,,,,,,,,,
,,,,,,,,,,,,,,,,,
,,,,,,,,,,,,,,,,,
,,,,,,,,,,,,,,,,,
,,,,,,,,,,,,,,,,,
Effective 01/07/2022,,,,,,,,,,,,,,,,,
